mfcc_1,mfcc_2,mfcc_3,mfcc_4,mfcc_5,mfcc_6,mfcc_7,mfcc_8,mfcc_9,mfcc_10,mfcc_11,mfcc_12,mfcc_13,spectral_centroid,spectral_bandwidth,spectral_rolloff,zero_crossing_rate,rms_energy,spectral_contrast,instrument,filename
-229.422440,89.276894,2.554579,45.805084,-6.128215,6.260310,1.315413,9.211670,-15.167664,-10.669633,-8.062209,-1.833905,-3.149407,1910.323365,2269.944973,4323.701547,0.067894,0.059331,28.046942,acoustic_guitar,014__[gac][nod][cou_fol]0770__1.wav
-226.006042,89.563141,4.103740,39.926300,-11.524439,11.361109,-2.959503,-0.542752,-10.262342,3.523763,-6.872192,3.718229,2.961634,2006.464572,2323.363572,4622.847431,0.078069,0.049661,27.890708,acoustic_guitar,014__[gac][nod][cou_fol]0770__2.wav
-250.121368,138.542206,6.256429,29.757786,-0.949532,6.332057,-2.758225,-0.195290,-7.803285,-0.096428,-4.591496,-9.756778,-13.192226,1174.895476,1735.523927,2225.953463,0.048607,0.057132,26.523439,acoustic_guitar,040__[gac][nod][cou_fol]0713__1.wav
-315.403534,137.746124,11.787100,32.833668,6.986982,11.408664,10.557991,7.815711,-7.967284,-2.383656,-10.220675,-7.786952,-7.514720,1013.752061,1721.270023,1815.166203,0.027036,0.046856,26.146889,acoustic_guitar,040__[gac][nod][cou_fol]0713__2.wav
-203.159058,167.454193,-26.241550,22.828178,15.340634,-1.223856,-10.613196,-6.562806,-8.754470,-9.665020,-10.651632,-11.489168,-12.007123,1037.800987,984.236408,1911.568697,0.062237,0.186637,27.188538,acoustic_guitar,045__[gac][nod][jaz_blu]0823__1.wav
-228.587662,148.268875,6.127874,25.722462,13.141832,2.400182,0.170177,-0.520938,-5.737757,-6.595460,-10.315110,-4.565151,-9.341220,877.250688,1075.435410,1596.687012,0.043855,0.179324,24.787521,acoustic_guitar,045__[gac][nod][jaz_blu]0823__2.wav
-71.665268,53.062138,0.336143,19.258247,-6.929133,4.517376,-10.892877,-1.403371,-8.983085,-7.070236,-10.919943,-4.322796,-5.698121,3330.933829,2866.116475,6778.155424,0.187440,0.097598,23.002359,acoustic_guitar,052__[gac][nod][cou_fol]0769__1.wav
-87.514641,115.442009,-5.423964,27.018663,13.433169,7.978896,2.874798,-4.372831,-17.096296,-5.176504,-12.889850,5.002692,-0.911787,1691.319293,2180.433347,3533.598633,0.068202,0.164485,24.717755,acoustic_guitar,068__[gac][nod][cou_fol]0774__1.wav
-94.936790,119.371872,-2.708246,26.411629,15.761219,12.123240,5.874740,-0.790978,-13.130313,-2.357026,-10.343746,0.995725,-2.654893,1598.140295,2179.195692,3411.853215,0.054947,0.168834,23.904259,acoustic_guitar,068__[gac][nod][cou_fol]0774__2.wav
-103.165070,126.432648,0.531862,25.141985,13.691323,10.675448,2.451001,-3.804006,-12.563232,-2.326192,-13.633798,0.349965,-0.957069,1498.402994,2086.972976,3136.807955,0.053816,0.165495,24.974414,acoustic_guitar,068__[gac][nod][cou_fol]0774__3.wav
-87.514641,115.442009,-5.423964,27.018663,13.433169,7.978896,2.874798,-4.372831,-17.096296,-5.176504,-12.889850,5.002692,-0.911787,1691.319293,2180.433347,3533.598633,0.068202,0.164485,24.717755,acoustic_guitar,082__[gac][nod][cou_fol]0670__1.wav
-94.936790,119.371872,-2.708246,26.411629,15.761219,12.123240,5.874740,-0.790978,-13.130313,-2.357026,-10.343746,0.995725,-2.654893,1598.140295,2179.195692,3411.853215,0.054947,0.168834,23.904259,acoustic_guitar,082__[gac][nod][cou_fol]0670__2.wav
-103.165070,126.432648,0.531862,25.141985,13.691323,10.675448,2.451001,-3.804006,-12.563232,-2.326192,-13.633798,0.349965,-0.957069,1498.402994,2086.972976,3136.807955,0.053816,0.165495,24.974414,acoustic_guitar,082__[gac][nod][cou_fol]0670__3.wav
-522.430725,157.355164,53.410881,32.073586,19.875462,7.075510,-1.737576,-3.983250,-11.668880,-13.385948,-13.265654,-6.165554,-6.494198,677.891736,1418.660804,698.918081,0.025522,0.014344,23.736869,acoustic_guitar,092__[gac][nod][pop_roc]0525__1.wav
-457.442078,175.231461,43.317635,28.100891,15.466828,1.538186,-2.264707,-2.245536,-10.432384,-10.373101,-5.055727,-4.995400,-11.638988,645.374106,1252.853700,767.327411,0.024226,0.023119,24.883929,acoustic_guitar,092__[gac][nod][pop_roc]0525__2.wav
-256.373444,86.347801,-9.673833,42.965866,-19.702726,5.819133,-4.276622,0.274270,-8.537646,6.691559,-5.015643,4.740564,-6.168844,2093.924507,2168.635603,4410.496920,0.119685,0.032427,29.976489,acoustic_guitar,110__[gac][nod][cou_fol]0771__1.wav
-262.796967,90.913864,-10.437553,49.871929,-13.287753,12.752472,-3.302302,1.908980,-17.476160,-8.435698,-4.770510,2.056330,-9.274095,2001.042633,2114.108663,4268.129319,0.112151,0.034336,29.927342,acoustic_guitar,110__[gac][nod][cou_fol]0771__2.wav
-257.277924,82.349411,-7.181717,46.315849,-16.017691,7.684350,-4.720173,0.477441,-14.055232,5.830937,-4.126165,1.095455,-3.110909,2184.466513,2208.837286,4544.913800,0.134029,0.033888,29.600703,acoustic_guitar,110__[gac][nod][cou_fol]0771__3.wav
-71.665268,53.062138,0.336143,19.258247,-6.929133,4.517376,-10.892877,-1.403371,-8.983085,-7.070236,-10.919943,-4.322796,-5.698121,3330.933829,2866.116475,6778.155424,0.187440,0.097598,23.002359,acoustic_guitar,122__[gac][nod][cou_fol]0715__1.wav
-73.700363,51.554409,0.262161,20.575006,-0.865175,2.976932,-10.180333,-0.683093,-8.766315,-8.647101,-14.200994,-1.731061,-6.103482,3338.589837,2920.007524,6948.516188,0.180593,0.094869,22.986741,acoustic_guitar,122__[gac][nod][cou_fol]0715__2.wav
-81.824951,53.661419,0.733142,21.159149,-3.642129,5.040712,-5.552246,-0.509848,-7.070897,-7.320334,-10.367168,1.294982,-4.727102,3325.007344,2890.381854,6873.812538,0.184187,0.090318,22.862545,acoustic_guitar,122__[gac][nod][cou_fol]0715__3.wav
-250.121368,138.542206,6.256429,29.757786,-0.949532,6.332057,-2.758225,-0.195290,-7.803285,-0.096428,-4.591496,-9.756778,-13.192226,1174.895476,1735.523927,2225.953463,0.048607,0.057132,26.523439,acoustic_guitar,131__[gac][nod][cou_fol]0767__1.wav
-315.403534,137.746124,11.787100,32.833668,6.986982,11.408664,10.557991,7.815711,-7.967284,-2.383656,-10.220675,-7.786952,-7.514720,1013.752061,1721.270023,1815.166203,0.027036,0.046856,26.146889,acoustic_guitar,131__[gac][nod][cou_fol]0767__2.wav
-256.373444,86.347801,-9.673833,42.965866,-19.702726,5.819133,-4.276622,0.274270,-8.537646,6.691559,-5.015643,4.740564,-6.168844,2093.924507,2168.635603,4410.496920,0.119685,0.032427,29.976489,acoustic_guitar,137__[gac][nod][cou_fol]0717__1.wav
-262.796967,90.913864,-10.437553,49.871929,-13.287753,12.752472,-3.302302,1.908980,-17.476160,-8.435698,-4.770510,2.056330,-9.274095,2001.042633,2114.108663,4268.129319,0.112151,0.034336,29.927342,acoustic_guitar,137__[gac][nod][cou_fol]0717__2.wav
-257.277924,82.349411,-7.181717,46.315849,-16.017691,7.684350,-4.720173,0.477441,-14.055232,5.830937,-4.126165,1.095455,-3.110909,2184.466513,2208.837286,4544.913800,0.134029,0.033888,29.600703,acoustic_guitar,137__[gac][nod][cou_fol]0717__3.wav
-294.599396,135.522690,-7.923697,36.706837,-6.592093,2.541194,0.830931,-5.242045,-23.516191,-20.525751,-13.675815,3.803015,1.664000,1202.051824,1664.895285,2261.648888,0.047934,0.040781,27.411526,acoustic_guitar,150__[gac][nod][cou_fol]0712__1.wav
-188.653427,121.776459,-20.166012,36.395180,-11.406137,5.988532,-6.316007,-4.671097,-17.731636,-8.103582,-15.106305,-3.553397,-4.163927,1493.541759,1793.135751,3075.438326,0.071533,0.075530,27.600779,acoustic_guitar,150__[gac][nod][cou_fol]0712__2.wav
-371.447662,132.776611,17.749323,27.362017,1.231430,3.459528,0.225237,-8.104623,-15.025665,-10.441863,-12.139744,-2.926818,-4.719663,1210.169462,1924.627233,2192.991098,0.040362,0.020490,24.955520,acoustic_guitar,150__[gac][nod][cou_fol]0712__3.wav
-350.589874,132.355835,10.763510,38.024906,8.927813,13.705979,18.619934,2.566015,-13.270407,-8.767741,-11.242646,-5.451643,-8.101938,1145.611478,1824.851696,2277.384691,0.039799,0.028355,25.148115,acoustic_guitar,154__[gac][nod][cou_fol]0765__1.wav
-309.381958,135.471268,3.310732,27.854675,0.462814,12.863097,7.027046,-4.674162,-8.466189,-1.429131,-6.953211,2.013161,-11.442009,1241.544407,1781.087452,2375.360765,0.050740,0.034828,25.951231,acoustic_guitar,154__[gac][nod][cou_fol]0765__2.wav
-361.062500,117.293137,17.343477,37.556019,5.272100,18.172476,19.758064,1.958696,-14.805637,-8.935183,-10.305509,-0.198453,-10.369600,1460.223555,2062.696786,2984.916053,0.061103,0.020038,25.211365,acoustic_guitar,154__[gac][nod][cou_fol]0765__3.wav
-294.599396,135.522690,-7.923697,36.706837,-6.592093,2.541194,0.830931,-5.242045,-23.516191,-20.525751,-13.675815,3.803015,1.664000,1202.051824,1664.895285,2261.648888,0.047934,0.040781,27.411526,acoustic_guitar,158__[gac][nod][cou_fol]0766__1.wav
-188.653427,121.776459,-20.166012,36.395180,-11.406137,5.988532,-6.316007,-4.671097,-17.731636,-8.103582,-15.106305,-3.553397,-4.163927,1493.541759,1793.135751,3075.438326,0.071533,0.075530,27.600779,acoustic_guitar,158__[gac][nod][cou_fol]0766__2.wav
-215.148102,110.857628,11.631883,17.012625,1.833302,16.540613,2.012894,11.632361,-6.130863,-18.365099,-2.774058,-4.712206,-18.980143,1776.925416,2291.750151,3921.776029,0.080518,0.060241,26.288521,acoustic_guitar,159__[gac][nod][cou_fol]0718__1.wav
-244.229568,121.203354,10.022228,20.607710,-3.318964,18.611723,5.183699,11.899364,-3.747025,-17.610085,-7.956144,0.263249,-19.559465,1540.286753,2101.369763,3324.146822,0.068506,0.049323,26.688115,acoustic_guitar,159__[gac][nod][cou_fol]0718__2.wav
-235.766144,120.220467,14.723971,21.468067,-0.427913,18.347439,3.546324,10.534438,-5.273409,-21.071039,-5.255741,2.996279,-21.184071,1489.433432,2091.520256,3111.547852,0.063492,0.060485,27.066132,acoustic_guitar,159__[gac][nod][cou_fol]0718__3.wav
-480.560333,131.965714,11.143827,20.035769,1.994585,-13.194541,-14.201837,-15.056246,-32.003517,-26.311922,-16.964724,-0.835817,2.121657,992.374607,1335.226956,1599.254432,0.048809,0.018061,28.008234,acoustic_guitar,170__[gac][nod][pop_roc]0628__1.wav
-494.485870,151.387939,29.357370,27.543814,8.375835,0.061110,-1.268812,-2.479459,-20.763067,-26.233982,-22.727720,-10.742618,-10.209886,766.904045,1291.392498,1135.628005,0.030427,0.016413,26.712519,acoustic_guitar,170__[gac][nod][pop_roc]0628__2.wav
-573.204712,159.895599,61.148026,32.311932,13.938249,1.437994,2.191458,-6.640895,-20.749413,-20.817574,-17.007988,-11.634991,-8.435072,544.405854,1056.731865,619.907790,0.025684,0.012459,25.429868,acoustic_guitar,170__[gac][nod][pop_roc]0628__3.wav
-229.422440,89.276894,2.554579,45.805084,-6.128215,6.260310,1.315413,9.211670,-15.167664,-10.669633,-8.062209,-1.833905,-3.149407,1910.323365,2269.944973,4323.701547,0.067894,0.059331,28.046942,acoustic_guitar,174__[gac][nod][cou_fol]0716__1.wav
-262.864960,89.908234,4.200557,49.409313,-11.691342,6.622709,-1.132800,4.109814,-16.126150,-10.649693,-7.166954,-4.802978,-0.906118,2117.132137,2299.696400,4675.272498,0.110183,0.031147,27.350804,acoustic_guitar,174__[gac][nod][cou_fol]0716__3.wav
-215.148102,110.857628,11.631883,17.012625,1.833302,16.540613,2.012894,11.632361,-6.130863,-18.365099,-2.774058,-4.712206,-18.980143,1776.925416,2291.750151,3921.776029,0.080518,0.060241,26.288521,acoustic_guitar,176__[gac][nod][cou_fol]0772__1.wav
-244.229568,121.203354,10.022228,20.607710,-3.318964,18.611723,5.183699,11.899364,-3.747025,-17.610085,-7.956144,0.263249,-19.559465,1540.286753,2101.369763,3324.146822,0.068506,0.049323,26.688115,acoustic_guitar,176__[gac][nod][cou_fol]0772__2.wav
-235.766144,120.220467,14.723971,21.468067,-0.427913,18.347439,3.546324,10.534438,-5.273409,-21.071039,-5.255741,2.996279,-21.184071,1489.433432,2091.520256,3111.547852,0.063492,0.060485,27.066132,acoustic_guitar,176__[gac][nod][cou_fol]0772__3.wav
-350.589874,132.355835,10.763510,38.024906,8.927813,13.705979,18.619934,2.566015,-13.270407,-8.767741,-11.242646,-5.451643,-8.101938,1145.611478,1824.851696,2277.384691,0.039799,0.028355,25.148115,acoustic_guitar,182__[gac][nod][cou_fol]0711__1.wav
-309.381958,135.471268,3.310732,27.854675,0.462814,12.863097,7.027046,-4.674162,-8.466189,-1.429131,-6.953211,2.013161,-11.442009,1241.544407,1781.087452,2375.360765,0.050740,0.034828,25.951231,acoustic_guitar,182__[gac][nod][cou_fol]0711__2.wav
-361.062500,117.293137,17.343477,37.556019,5.272100,18.172476,19.758064,1.958696,-14.805637,-8.935183,-10.305509,-0.198453,-10.369600,1460.223555,2062.696786,2984.916053,0.061103,0.020038,25.211365,acoustic_guitar,182__[gac][nod][cou_fol]0711__3.wav
-163.070007,163.957245,-48.759605,34.936447,17.026926,14.212749,8.287305,-4.714697,-5.514324,-0.023453,-2.779763,3.696463,2.964080,1148.553638,1352.598878,2190.506498,0.046571,0.158672,25.578532,acoustic_guitar,187__[gac][nod][pop_roc]0623__1.wav
-116.213844,107.534088,12.757681,32.048149,12.681353,13.799604,-4.126967,3.948504,-7.280612,-0.671886,-12.528972,3.401873,-4.995563,1742.953501,2377.577571,4189.533128,0.051923,0.149691,23.869924,acoustic_guitar,193__[gac][nod][cou_fol]0719__1.wav
-147.063370,134.813156,6.545602,35.361870,18.773865,16.093599,3.869462,4.181580,-10.674637,0.222001,-4.900837,2.457383,-5.652258,1146.193057,1876.992183,2457.766677,0.025349,0.195672,23.634726,acoustic_guitar,193__[gac][nod][cou_fol]0719__2.wav
-184.353500,133.534576,20.407722,35.820801,18.933058,15.119551,5.797576,8.699371,-10.463685,-3.815595,-5.634518,7.898958,2.984702,1062.049707,1883.047498,2155.307993,0.021875,0.173740,24.043661,acoustic_guitar,193__[gac][nod][cou_fol]0719__3.wav
-116.213844,107.534088,12.757681,32.048149,12.681353,13.799604,-4.126967,3.948504,-7.280612,-0.671886,-12.528972,3.401873,-4.995563,1742.953501,2377.577571,4189.533128,0.051923,0.149691,23.869924,acoustic_guitar,195__[gac][nod][cou_fol]0773__1.wav
-147.063370,134.813156,6.545602,35.361870,18.773865,16.093599,3.869462,4.181580,-10.674637,0.222001,-4.900837,2.457383,-5.652258,1146.193057,1876.992183,2457.766677,0.025349,0.195672,23.634726,acoustic_guitar,195__[gac][nod][cou_fol]0773__2.wav
-184.353500,133.534576,20.407722,35.820801,18.933058,15.119551,5.797576,8.699371,-10.463685,-3.815595,-5.634518,7.898958,2.984702,1062.049707,1883.047498,2155.307993,0.021875,0.173740,24.043661,acoustic_guitar,195__[gac][nod][cou_fol]0773__3.wav
-240.126129,117.721565,6.330665,43.135582,6.871370,13.395188,-7.421349,0.482158,-2.576574,-2.425315,-2.735083,-1.010778,-8.051693,1414.031119,1919.730255,3052.414363,0.049977,0.073649,25.696673,acoustic_guitar,200__[gac][nod][cou_fol]0714__1.wav
-214.449966,93.735519,6.839043,30.818813,2.797838,8.095377,-11.120669,-0.820779,-4.572969,3.009475,1.640578,0.031737,-16.806276,1955.437879,2291.061590,4313.514686,0.080172,0.073885,26.646327,acoustic_guitar,200__[gac][nod][cou_fol]0714__3.wav
-240.126129,117.721565,6.330665,43.135582,6.871370,13.395188,-7.421349,0.482158,-2.576574,-2.425315,-2.735083,-1.010778,-8.051693,1414.031119,1919.730255,3052.414363,0.049977,0.073649,25.696673,acoustic_guitar,218__[gac][nod][cou_fol]0768__1.wav
-230.889999,107.813553,8.829279,48.307571,6.750120,16.292900,-6.823578,3.663724,-2.987164,-5.771924,-1.957249,-3.614172,-11.330115,1466.017358,2014.263033,3297.644419,0.045125,0.082411,26.275531,acoustic_guitar,218__[gac][nod][cou_fol]0768__2.wav
-214.449966,93.735519,6.839043,30.818813,2.797838,8.095377,-11.120669,-0.820779,-4.572969,3.009475,1.640578,0.031737,-16.806276,1955.437879,2291.061590,4313.514686,0.080172,0.073885,26.646327,acoustic_guitar,218__[gac][nod][cou_fol]0768__3.wav
-367.358337,110.843643,-5.709767,47.584232,7.528036,1.709598,0.598556,2.952406,-13.948727,-9.406693,-21.998602,-11.970368,-5.795096,1439.593587,1882.145357,3083.471867,0.050391,0.021914,26.625883,acoustic_guitar,[gac][jaz_blu]0523__1.wav
-325.528320,126.338028,-1.415845,42.248116,17.000984,8.379629,-2.774188,5.557498,-12.144546,-5.512531,-14.083769,-11.884229,-9.579008,1276.823994,1814.846632,2712.024114,0.048663,0.034750,27.272905,acoustic_guitar,[gac][jaz_blu]0523__2.wav
-339.453857,110.482666,-13.305716,39.691280,17.915144,6.232289,-3.106695,4.689300,-18.214886,-11.629282,-19.123314,-8.400332,-10.770178,1670.489042,1972.185042,3462.704703,0.077821,0.020152,26.448822,acoustic_guitar,[gac][jaz_blu]0523__3.wav
-227.913147,184.538788,-30.321476,37.564438,-6.525258,10.045011,12.672890,-3.786402,11.829875,-11.681462,2.305650,-4.628327,-16.987349,1021.255095,1205.384560,1912.148438,0.065208,0.118231,24.587675,acoustic_guitar,[gac][jaz_blu]0524__1.wav
-249.293991,198.752640,-2.669339,22.264832,-0.859915,10.355542,11.069816,-7.563010,4.961643,-4.281324,-4.248506,-11.718031,-17.134138,681.461656,944.311928,1153.268667,0.033864,0.152658,24.467866,acoustic_guitar,[gac][jaz_blu]0524__2.wav
-154.008743,95.784897,18.183872,36.848053,1.728387,13.603664,6.508574,8.247308,-9.145013,0.915272,-4.326442,2.963797,-6.832858,1992.951988,2548.938606,4857.228065,0.060753,0.084133,22.165689,acoustic_guitar,[gac][jaz_blu]0531__2.wav
-147.674545,89.413101,20.144632,35.968357,6.128426,14.453474,8.199732,10.230634,-5.840336,4.026175,-2.215668,1.902859,-5.320830,2187.723523,2682.584585,5311.992751,0.069745,0.084283,21.855157,acoustic_guitar,[gac][jaz_blu]0531__3.wav
-149.061539,71.122650,-20.143988,46.179695,-4.554229,9.865572,-5.656094,-5.131701,1.350262,2.829258,-11.763268,-6.568466,-5.945283,2620.383849,2317.869499,4953.961839,0.125165,0.080520,24.413163,acoustic_guitar,[gac][jaz_blu]0532__1.wav
-122.892731,62.708004,-19.278767,39.729599,-14.991750,4.492169,-0.685648,-4.943706,0.765664,4.685523,-15.633776,-11.323083,-14.675256,2957.440389,2411.950974,5513.990760,0.175575,0.079783,24.389697,acoustic_guitar,[gac][jaz_blu]0532__2.wav
-120.719017,94.087242,-9.842616,36.404243,-8.545835,6.328945,-2.103758,-5.078387,2.147168,-1.514747,-13.555031,-5.237307,-14.229483,2130.105142,2299.196388,4502.178673,0.071616,0.146389,23.971726,acoustic_guitar,[gac][jaz_blu]0532__3.wav
-371.092133,120.837967,-5.097824,31.258142,19.824287,19.151022,2.818519,8.601265,-13.203692,-5.489731,-18.900038,-7.474447,-5.439805,1397.420899,1799.915428,2843.873573,0.063826,0.024853,28.581988,acoustic_guitar,[gac][jaz_blu]0535__1.wav
-348.420258,125.845413,-1.246013,31.863894,17.807013,16.034121,3.891016,3.447547,-16.007050,-11.041065,-21.025023,-13.826935,-5.219604,1348.825157,1814.583904,2761.964581,0.053959,0.027292,27.417222,acoustic_guitar,[gac][jaz_blu]0535__2.wav
-348.713257,128.399124,-19.472206,24.610365,13.711205,9.112160,-3.392998,9.560162,-18.918863,-14.689976,-23.717762,-12.567229,-9.740759,1350.019659,1703.850208,2682.788649,0.057249,0.028750,27.609031,acoustic_guitar,[gac][jaz_blu]0535__3.wav
-332.291138,143.350159,-21.698301,60.930752,10.229712,27.773127,11.791091,5.800539,-0.735870,5.111440,1.303649,3.617731,0.122183,1042.234257,1528.810698,2361.612643,0.034300,0.034171,23.034525,acoustic_guitar,[gac][jaz_blu]0536__1.wav
-337.194458,144.042206,-24.514187,62.626953,11.419445,26.245283,10.568115,2.474063,1.306598,7.856460,2.244749,3.596022,-0.673054,1024.300945,1498.210047,2355.566782,0.036629,0.034769,23.171114,acoustic_guitar,[gac][jaz_blu]0536__2.wav
-330.040680,141.269028,-26.768206,58.012516,8.470342,25.544012,9.743030,2.082906,2.948198,13.080805,2.221475,-2.004670,-5.657169,1132.779827,1532.239731,2523.111666,0.047487,0.034938,23.755046,acoustic_guitar,[gac][jaz_blu]0536__3.wav
-350.335388,161.497696,2.298622,45.045788,2.936515,8.502693,12.665978,10.088958,-12.071543,-14.020915,-4.853430,-12.386692,-12.119584,865.266802,1311.593988,1680.086764,0.034935,0.042747,26.071664,acoustic_guitar,[gac][jaz_blu]0538__1.wav
-317.641235,143.039215,-4.458839,42.800449,-10.475147,16.571041,8.549332,3.028389,-14.981044,-18.543388,-5.773780,-8.711308,-21.713181,1150.833422,1553.341698,2378.507925,0.049760,0.037829,27.080498,acoustic_guitar,[gac][jaz_blu]0538__2.wav
-345.631927,148.927841,2.755681,43.409744,0.429448,9.089014,12.841902,3.317931,-10.238818,-14.034433,-4.299242,-9.803974,-16.159964,934.300565,1414.610594,1803.157302,0.034905,0.037734,26.429896,acoustic_guitar,[gac][jaz_blu]0538__3.wav
-291.395691,187.564499,-60.334167,35.759991,25.244358,-11.556047,15.141395,-9.191829,-9.161506,-0.713220,-10.891635,-7.073567,-10.895108,1068.342139,1045.471604,2107.106746,0.065663,0.053470,24.915551,acoustic_guitar,[gac][jaz_blu]0539__1.wav
-259.682617,190.268799,-76.685616,32.638039,27.891304,-11.007741,16.315876,-12.860765,-12.083226,-0.286550,-13.808655,-11.593957,-12.124963,1190.801564,1019.564691,2227.444223,0.086783,0.069437,25.346454,acoustic_guitar,[gac][jaz_blu]0539__2.wav
-430.137665,128.837112,-6.788226,30.355627,3.124203,11.753683,12.428172,4.012239,-21.630617,-20.865591,-16.905588,-6.239751,-6.471575,1240.247322,1660.187703,2367.244404,0.050146,0.016696,25.920417,acoustic_guitar,[gac][jaz_blu]0543__1.wav
-488.545380,113.081100,7.192326,31.146381,21.394482,16.191942,12.281221,5.112564,-9.419113,-10.548258,-8.280133,-5.061875,-5.622031,1556.894484,2113.581371,3552.398776,0.048208,0.014157,23.997708,acoustic_guitar,[gac][jaz_blu]0543__2.wav
-522.492920,103.511261,19.049437,33.196957,7.773478,4.229581,7.224649,-2.665169,-13.577680,-5.629642,-6.485670,-8.897765,-15.815460,1380.513533,1970.303229,2695.460111,0.044764,0.012914,25.984796,acoustic_guitar,[gac][jaz_blu]0543__3.wav
-287.651794,148.854813,41.479012,19.023148,1.723929,16.503721,-0.363675,4.026019,0.346238,4.756994,-1.695742,4.028303,0.189498,1090.914024,1846.917010,2147.522912,0.031825,0.060869,21.420125,acoustic_guitar,[gac][jaz_blu]0544__1.wav
-285.260712,152.072861,44.103252,19.066647,8.596300,16.813807,0.303537,5.139481,0.672176,4.233399,-3.083432,3.400182,1.795104,977.713614,1794.235953,1888.627554,0.020658,0.081526,22.007450,acoustic_guitar,[gac][jaz_blu]0544__2.wav
-248.430771,114.202713,29.654095,15.460468,-4.459155,15.576583,-2.149959,2.013404,-4.850503,-1.157626,-8.343204,0.961420,-2.319483,1818.377916,2369.052537,3886.080604,0.071514,0.045673,21.044412,acoustic_guitar,[gac][jaz_blu]0544__3.wav
-166.730957,105.306816,21.310438,33.774902,8.988958,9.616535,-2.375241,3.737904,-4.228307,1.747365,-3.679906,0.419202,-8.035772,1823.156714,2449.625706,4336.124549,0.055814,0.082231,22.464683,acoustic_guitar,[gac][jaz_blu]0549__1.wav
-105.187080,116.299393,9.927905,32.788204,7.767922,4.673575,-10.504654,0.150597,-5.104263,-1.588935,-8.214313,-6.793499,-9.943049,1688.628642,2270.189912,3775.847168,0.060036,0.130906,21.804107,acoustic_guitar,[gac][jaz_blu]0549__2.wav
-137.354050,100.118088,21.994802,30.707809,4.972669,13.243335,-5.046443,4.406093,-4.809817,-0.728722,-7.671528,-3.782374,-6.750020,1951.291212,2541.878660,4776.809833,0.061974,0.106583,21.920006,acoustic_guitar,[gac][jaz_blu]0549__3.wav
-331.986237,176.817749,42.895290,30.646708,21.968149,16.769466,11.354769,8.899386,-3.198211,-2.599447,3.952379,1.817503,0.378115,506.835697,948.947344,789.771635,0.024298,0.098626,24.864095,acoustic_guitar,[gac][jaz_blu]0559__1.wav
-344.859314,175.523361,45.466072,38.016911,27.782684,22.614660,15.790298,11.051511,-1.267585,-3.010077,-4.071094,-6.335690,-3.851709,486.652602,967.665362,770.308932,0.021563,0.098710,24.395349,acoustic_guitar,[gac][jaz_blu]0559__3.wav
-203.870331,81.610992,-9.626458,25.919239,-6.066121,5.073691,-21.646263,9.240304,-10.833391,-4.067229,-14.859358,-4.978861,-10.821958,2276.983699,2421.230497,5085.645658,0.102731,0.039351,26.822532,acoustic_guitar,[gac][jaz_blu]0566__1.wav
-210.905045,85.208862,-11.562333,27.124577,-0.948443,6.043359,-22.364149,2.404982,-12.207772,-3.535584,-11.243220,-5.882162,-9.890470,2152.585148,2350.756423,4724.964506,0.091729,0.039864,26.989522,acoustic_guitar,[gac][jaz_blu]0566__2.wav
-233.740189,105.317131,-16.061625,27.676039,0.788614,11.729701,-13.251868,11.222110,-9.382504,0.092366,-9.332491,-8.655367,-9.370530,1718.529115,2074.179714,3670.500113,0.065599,0.047223,28.487524,acoustic_guitar,[gac][jaz_blu]0566__3.wav
-290.244751,156.474182,-1.892713,10.722244,6.292891,-3.252988,-7.943397,-4.926066,-6.285334,-4.116185,-6.433710,-1.475219,-3.550470,1085.219986,1572.165401,1787.752779,0.050680,0.056269,26.073673,acoustic_guitar,[gac][jaz_blu]0568__1.wav
-226.775238,157.264908,-27.404739,12.150270,-4.372288,-8.624362,-11.659155,-10.949397,-14.260124,-8.242584,-5.815425,-3.606450,-11.875878,1268.067702,1464.855364,2248.149226,0.074339,0.080372,26.324874,acoustic_guitar,[gac][jaz_blu]0568__2.wav
-233.504486,156.305618,-25.998920,14.965603,-6.618393,-14.377235,-14.420739,-11.602131,-13.104231,-1.077826,-5.271557,-9.894883,-10.214074,1248.616425,1488.884534,2257.921988,0.067270,0.078422,26.337977,acoustic_guitar,[gac][jaz_blu]0568__3.wav
-233.359924,103.048584,-5.986446,36.032276,3.680558,17.914276,6.921578,12.451313,-4.457708,4.107117,-2.898520,1.634754,-6.731721,1878.395895,2229.325520,4110.936937,0.062399,0.045692,22.380341,acoustic_guitar,[gac][jaz_blu]0574__1.wav
-219.608475,104.557350,-1.559060,38.891331,4.411451,17.988026,4.800643,12.843911,-3.977329,2.809719,-5.925955,-3.936590,-9.372223,1800.368480,2232.944770,4054.867788,0.053775,0.053456,22.452496,acoustic_guitar,[gac][jaz_blu]0574__2.wav
-184.214676,98.738045,-2.769073,36.552692,2.992386,15.537357,2.510981,7.064738,-8.979575,-3.051103,-8.628247,-0.880370,-6.890838,1996.337107,2339.984792,4465.903508,0.068314,0.059165,22.348098,acoustic_guitar,[gac][jaz_blu]0574__3.wav
-404.779114,228.359558,63.094849,-5.458662,-1.837461,-4.369188,-12.038698,-8.234474,-11.177577,-17.775110,-11.289390,-0.786913,-1.125918,467.690434,453.286127,686.246620,0.034044,0.057580,23.802467,acoustic_guitar,[gac][jaz_blu]0577__1.wav
-401.595093,222.366104,65.661629,-6.210173,-2.983376,0.831229,-9.256885,-13.498917,-13.660585,-12.296400,-8.287163,-6.421618,-8.694436,480.642368,438.406001,722.687425,0.037523,0.066125,23.809749,acoustic_guitar,[gac][jaz_blu]0577__3.wav
-232.743332,88.415627,35.913212,36.620358,14.813602,23.490629,10.414576,9.852522,-4.143017,3.423212,-3.415937,0.771188,-8.887871,1940.462584,2623.941754,4763.972731,0.059304,0.067117,23.207640,acoustic_guitar,[gac][jaz_blu]0583__1.wav
-219.069977,93.528503,33.338734,37.933384,14.267307,23.129654,14.132619,11.220709,3.147888,1.494434,-2.006034,5.472142,-8.382861,1799.907632,2564.480586,4532.407978,0.050612,0.073487,23.601746,acoustic_guitar,[gac][jaz_blu]0583__2.wav
-327.687927,153.265381,5.329817,38.969948,18.879990,15.666812,-6.018973,-1.381791,-4.048213,-6.682181,-14.360106,-7.823654,-3.198473,928.261685,1449.162946,1710.067608,0.032493,0.046703,24.882181,acoustic_guitar,[gac][jaz_blu]0587__1.wav
-301.855835,146.762100,5.415441,36.792763,18.432398,15.299584,-7.159134,-0.108385,-3.865251,-10.181293,-10.380627,-8.138655,-5.654569,1083.151020,1631.469495,2125.989709,0.039487,0.048257,24.163474,acoustic_guitar,[gac][jaz_blu]0587__2.wav
-313.500916,151.853149,4.984130,33.573616,14.271909,14.265886,-7.006318,-3.705736,-6.087430,-11.641632,-11.658147,-6.883408,-6.723002,975.232240,1447.488717,1789.740460,0.037406,0.053054,25.310207,acoustic_guitar,[gac][jaz_blu]0587__3.wav
-115.801529,102.834633,23.867083,34.178741,11.986446,11.641536,6.136384,12.803808,-3.155607,-0.060111,-0.149899,6.339417,-1.914054,1724.699689,2467.143239,4189.450308,0.041695,0.187208,23.185590,acoustic_guitar,[gac][jaz_blu]0593__1.wav
-95.366364,94.226990,15.377519,32.890869,6.075783,7.923049,3.813993,9.644922,-3.881314,-0.989829,0.098464,7.459674,-2.378370,2067.820286,2562.777074,4792.131535,0.074478,0.164276,23.139803,acoustic_guitar,[gac][jaz_blu]0593__3.wav
-264.857208,166.387924,-48.760254,76.715881,-10.938561,9.628837,10.705256,-22.806746,1.537509,-17.097765,-8.308842,-10.646765,-10.976469,1218.513905,1386.030859,2851.658654,0.052723,0.059457,23.437629,acoustic_guitar,[gac][jaz_blu]0597__1.wav
-240.416031,163.069626,-53.471367,78.842911,-15.336288,8.617183,7.974954,-24.542683,1.464680,-15.543636,-3.550794,-10.088751,-13.088848,1325.066577,1429.714190,3084.548528,0.060029,0.073777,23.599850,acoustic_guitar,[gac][jaz_blu]0597__3.wav
-250.746826,199.946976,-3.674292,35.796833,45.628784,-6.901130,5.671550,2.549442,-16.990997,-0.163801,-4.761826,-17.744276,-8.627398,562.819548,768.978324,991.769644,0.027922,0.167934,23.516072,acoustic_guitar,[gac][jaz_blu]0598__1.wav
-251.532303,213.701828,-20.340967,32.474361,41.350906,-12.664661,7.968615,-0.318549,-19.462616,1.089237,-7.000641,-16.502655,-4.115134,641.752182,815.472282,1256.628042,0.032493,0.133190,23.163916,acoustic_guitar,[gac][jaz_blu]0598__2.wav
-248.787872,205.732956,-30.112278,36.710278,45.894108,-14.849365,7.331483,1.108008,-16.984488,6.574295,-2.626735,-16.295456,-6.119617,760.750822,908.406335,1616.646635,0.041951,0.126447,23.860938,acoustic_guitar,[gac][jaz_blu]0598__3.wav
-289.565063,111.107285,4.212770,38.749725,6.177961,1.147778,-3.561833,2.238770,4.033145,-3.603734,-13.945100,-8.251696,-11.584381,1580.201558,2109.256842,3295.076998,0.050853,0.047374,24.807341,acoustic_guitar,[gac][jaz_blu]0603__1.wav
-168.434357,77.579597,-6.517302,49.217487,-7.260395,6.215283,-3.532521,-7.959450,-4.239824,-0.072013,-16.623190,-3.530105,-19.171181,2490.008959,2283.278566,4902.447791,0.156205,0.073823,26.202945,acoustic_guitar,[gac][jaz_blu]0603__2.wav
-272.213165,74.951500,-1.591954,52.526577,-1.642877,5.791944,2.540476,0.909890,0.185901,3.104659,-9.736683,-5.595262,-15.563250,2218.461686,2329.140041,4624.752291,0.095925,0.044145,25.493667,acoustic_guitar,[gac][jaz_blu]0603__3.wav
-298.557983,165.001862,19.596308,48.788040,10.559277,12.454975,2.587813,0.511680,-8.865567,-6.428483,-3.250937,-1.557849,-6.502314,812.963004,1327.334731,1467.487793,0.030273,0.068426,25.558228,acoustic_guitar,[gac][jaz_blu]0607__1.wav
-313.293976,174.996964,26.502445,35.278320,0.585329,4.404968,-1.053282,-4.213353,-6.429525,-5.354050,-0.881065,-3.301927,-7.046307,786.450650,1273.131063,1326.114032,0.029860,0.066670,24.979452,acoustic_guitar,[gac][jaz_blu]0607__2.wav
-294.798157,182.049011,21.006269,32.074329,7.569226,4.109764,-1.285679,-5.727228,-4.333964,-6.335703,-7.055994,-6.488558,-11.949059,685.262675,1111.264599,1073.016076,0.029271,0.082911,24.514730,acoustic_guitar,[gac][jaz_blu]0607__3.wav
-322.918243,131.044067,20.328016,17.802189,-2.727009,18.808390,-1.118251,2.618242,-0.966312,10.856334,0.212032,3.280414,-3.739346,1334.721536,1942.792511,2721.134315,0.037680,0.038908,25.206241,acoustic_guitar,[gac][jaz_blu]0613__1.wav
-304.241058,119.528549,18.290077,14.282492,-6.006977,19.385870,-2.934308,5.004364,-3.425093,5.837734,-1.785941,3.754401,-8.688534,1454.035303,2041.314734,3007.277456,0.051401,0.035843,25.915627,acoustic_guitar,[gac][jaz_blu]0613__2.wav
-201.398621,103.757706,20.378696,21.583860,-3.470721,21.771484,-4.917834,5.126929,-0.481029,6.944987,-3.954781,-1.302093,-11.346105,1743.194585,2396.743725,4315.171086,0.046702,0.074946,24.590301,acoustic_guitar,[gac][jaz_blu]0613__3.wav
-373.217621,155.937958,-13.793666,24.063305,16.896439,15.451757,9.453940,2.935310,-15.065454,-12.475840,-8.468810,-3.642657,-7.360357,1065.393461,1461.787573,1967.223745,0.052058,0.023332,26.211468,acoustic_guitar,[gac][jaz_blu]0626__2.wav
-294.413788,147.301254,-42.853474,82.364990,24.833853,21.803343,14.306585,-3.524103,6.155565,-13.975013,-5.034437,-8.938043,-7.267521,1135.951981,1321.636459,2513.753005,0.054616,0.061592,24.532382,acoustic_guitar,[gac][jaz_blu]0637__1.wav
-300.356842,147.460617,-40.270725,79.472816,28.389172,18.686750,13.651771,-3.507073,4.449296,-13.785090,-8.516495,-14.853149,-11.098584,1065.273221,1280.720233,2382.234826,0.046905,0.064882,24.038482,acoustic_guitar,[gac][jaz_blu]0637__2.wav
-294.351257,156.430679,31.712973,44.317772,10.930453,10.976655,10.127875,4.169574,3.666876,5.749284,-1.273737,-0.518155,-0.259244,767.928461,1349.244244,1398.084623,0.025657,0.100173,25.804438,acoustic_guitar,[gac][jaz_blu]0638__1.wav
-308.835846,157.562561,24.315186,39.209179,11.276588,14.381533,16.622374,5.715016,0.086442,2.164839,-0.594633,-1.723416,-0.982574,792.833074,1430.792979,1411.004545,0.025575,0.069730,24.898912,acoustic_guitar,[gac][jaz_blu]0638__2.wav
-293.550659,153.181259,28.021767,45.523872,12.153908,14.001612,8.713202,1.883377,1.323603,7.475749,-9.963284,-6.999385,-1.908903,868.218187,1502.136408,1614.576134,0.030119,0.084382,26.516260,acoustic_guitar,[gac][jaz_blu]0638__3.wav
-446.797882,126.650749,-26.129936,26.274673,13.105848,3.126191,0.143120,8.864169,3.087024,2.440330,-8.264241,-4.982026,-14.137112,1296.523498,1576.413360,2327.573618,0.068923,0.009957,27.297300,cello,008__[cel][nod][cla]0058__2.wav
-400.837189,115.451767,-31.504057,20.905094,10.660571,1.763293,-8.335675,-2.076679,-5.405671,5.017486,-1.480893,6.807166,2.905111,1441.664974,1627.217112,2482.695500,0.081689,0.015928,28.532325,cello,008__[cel][nod][cla]0058__3.wav
-311.085968,125.909782,-20.341791,31.492462,6.542878,4.134749,-8.606092,0.062835,-5.112191,-2.460747,-5.867075,0.771828,2.925911,1615.407735,1879.968314,3080.573167,0.081682,0.017609,23.410520,cello,012__[cel][nod][cla]0043__1.wav
-305.232697,116.129875,-23.545818,19.311096,3.085201,2.510531,-7.585392,1.388103,-1.338072,-0.548224,-9.611471,-2.103961,3.807562,1758.006125,1952.732502,3300.377479,0.089855,0.020054,24.995553,cello,012__[cel][nod][cla]0043__2.wav
-290.569946,103.210526,-28.604210,17.878883,3.431500,0.964702,-8.432396,1.793697,-1.355662,1.755424,-5.049275,-0.383292,1.803364,1931.520779,2027.381459,3569.625338,0.106412,0.021839,24.600914,cello,012__[cel][nod][cla]0043__3.wav
-301.983124,134.235733,-31.480448,70.220734,1.376286,13.781097,-7.341661,-3.164588,-7.559637,1.150838,-1.589599,-3.564330,-1.957785,1467.846507,1609.690772,3177.389761,0.072468,0.040628,26.114726,cello,013__[cel][nod][cla]0025__1.wav
-307.771301,146.156342,-28.898672,52.376293,-3.586507,8.997546,-16.427544,-8.795328,-15.278537,-1.342573,-3.916461,-8.366785,-10.027244,1263.823054,1505.067054,2578.352614,0.055551,0.036578,25.094283,cello,013__[cel][nod][cla]0025__2.wav
-270.195068,111.903801,-20.917643,25.671749,6.515472,0.683064,-10.928852,-3.004753,-4.745996,-0.418484,-5.693622,-0.579392,2.270225,1637.456516,1929.276737,3136.890775,0.071586,0.036121,25.886516,cello,014__[cel][nod][cla]0041__1.wav
-296.037140,149.599884,-10.050241,29.275030,10.328419,6.370285,-4.597589,5.743976,2.704501,1.534268,-3.072248,0.504413,-1.881897,1216.568546,1683.739121,2373.207444,0.047795,0.029192,22.500670,cello,014__[cel][nod][cla]0041__2.wav
-286.112305,111.370399,-16.798708,34.643589,12.450843,5.375916,-4.948331,3.590188,3.704037,3.637204,-5.483062,-2.855835,1.189988,1644.867444,1968.790862,3253.584172,0.073516,0.030217,25.725726,cello,014__[cel][nod][cla]0041__3.wav
-233.759277,138.969879,-53.819653,67.395073,-7.087451,-6.690073,-18.295973,-6.993361,-5.515205,-5.799130,-4.937713,-3.408909,-4.926649,1694.504036,1444.996431,3100.615610,0.128617,0.056493,25.742913,cello,027__[cel][nod][cla]0027__1.wav
-256.775909,133.697754,-47.350513,76.742798,-2.993625,0.515976,-23.568813,-8.917125,-9.761238,-4.789399,-3.217721,0.433810,-4.270962,1649.299834,1461.366786,2969.594351,0.128166,0.051116,26.447996,cello,027__[cel][nod][cla]0027__2.wav
-265.489594,131.963425,-44.577072,76.949219,5.881663,2.185693,-17.396469,-1.822969,-1.151047,-3.382506,-3.844750,1.722075,-2.043779,1513.071099,1486.769027,2840.643592,0.097596,0.051038,26.719580,cello,027__[cel][nod][cla]0027__3.wav
-446.344421,108.331383,-29.426872,14.767774,-2.172418,3.540813,-3.058262,-0.986644,-4.648617,-3.032453,-9.610807,-9.394149,-13.034298,1615.404370,1829.993951,3097.219989,0.048208,0.010601,24.784120,cello,031__[cel][nod][cla]0020__1.wav
-366.146179,104.814301,-32.855045,17.025072,-0.426611,2.702093,-7.390080,-4.873702,-10.041277,-6.364242,-16.487680,-9.878792,-10.820115,1690.988841,1896.954568,3162.813439,0.074947,0.014511,26.112185,cello,031__[cel][nod][cla]0020__2.wav
-367.330811,116.259087,-30.364435,20.466068,-0.302565,1.195518,-10.531719,-11.000975,-11.677305,-5.313801,-20.458496,-12.542580,-13.000894,1495.013499,1776.331050,2855.716834,0.051315,0.019609,25.161517,cello,031__[cel][nod][cla]0020__3.wav
-274.153015,130.381943,-24.647694,16.499430,3.298372,-6.291121,-5.142342,-3.150751,-3.441075,1.272810,-13.310598,-10.105808,-18.155457,1455.811453,1784.820002,2673.015888,0.060468,0.036041,24.348815,cello,032__[cel][nod][cla]0033__1.wav
-233.089279,140.111542,-23.343760,17.718250,2.369716,-8.729357,-8.455382,-3.013590,-5.818708,-7.544972,-18.876019,-9.584661,-16.538782,1352.919281,1693.926958,2460.251277,0.058504,0.055893,23.556642,cello,032__[cel][nod][cla]0033__2.wav
-224.376297,120.192650,-29.450563,20.670145,-2.349805,-9.168961,-11.979221,-8.298072,-12.384678,-10.069235,-19.412819,-8.558622,-9.287221,1529.478319,1801.944960,2887.188439,0.056693,0.070040,24.825059,cello,032__[cel][nod][cla]0033__3.wav
-238.750168,104.101830,-17.231520,22.299358,1.548066,-8.804027,-11.249043,-6.980822,-5.517439,-2.380350,-16.895178,-5.251493,-10.579926,1808.941800,2004.203425,3430.322078,0.087887,0.049878,26.603727,cello,033__[cel][nod][cla]0031__1.wav
-225.276306,141.475845,-25.077454,27.852472,3.936408,-1.692940,0.526586,1.965254,0.244497,3.626979,-8.724380,-2.309634,-15.068481,1340.642209,1679.569442,2564.604492,0.060787,0.051943,24.946670,cello,033__[cel][nod][cla]0031__2.wav
-237.636353,135.386475,-21.398258,19.300589,3.735969,-8.083306,-7.236094,-3.345665,-3.429342,-2.241180,-11.816204,-1.897536,-10.624514,1431.456854,1744.299643,2632.516902,0.067172,0.054603,24.850847,cello,033__[cel][nod][cla]0031__3.wav
-387.611847,85.952263,-21.222828,23.779778,2.829047,-3.681304,-13.471856,-5.661207,-7.589641,-5.486293,-4.346542,4.253072,-9.874664,1847.536162,1946.452751,3478.771785,0.083905,0.019210,25.239655,cello,038__[cel][nod][cla]0039__1.wav
-368.086151,81.664742,-24.482512,29.796209,0.297068,-11.545983,-17.064398,-4.017664,1.483136,8.252625,-0.125507,-4.835660,-31.724808,1978.196537,1970.399750,3626.853966,0.103812,0.017388,26.151768,cello,038__[cel][nod][cla]0039__2.wav
-324.107391,126.222237,-29.388916,60.691933,7.580770,17.337368,-9.919701,7.424681,-2.515184,12.426422,2.678707,-5.274324,-10.755929,1439.782828,1656.433820,2889.093299,0.074463,0.024581,25.791895,cello,041__[cel][nod][cla]0023__1.wav
-291.502930,135.606033,-27.941339,64.241379,0.706956,6.837411,-11.155179,-3.163090,-10.127357,-1.500454,-4.971326,-8.244908,-5.661189,1316.065738,1504.387362,2719.146635,0.057065,0.049551,26.763202,cello,041__[cel][nod][cla]0023__2.wav
-272.211914,137.690689,-34.657288,56.678337,0.395727,6.256839,-2.415246,1.426071,-6.697569,1.032635,-0.252230,-7.408747,-3.153941,1288.978870,1507.907392,2716.993314,0.049283,0.054909,25.477201,cello,041__[cel][nod][cla]0023__3.wav
-323.133728,119.718643,-19.008381,25.162661,9.871171,2.369391,-9.093282,2.131029,1.633281,2.256584,-6.333393,-2.436990,-6.179349,1519.368007,1832.017836,2767.099422,0.079815,0.019009,26.542244,cello,042__[cel][nod][cla]0042__1.wav
-339.357574,110.447556,-17.644653,29.840925,6.255610,1.506725,-6.902850,-1.642864,-4.317362,0.341290,-6.598396,-8.799392,-1.075049,1636.081140,1927.766024,3133.495155,0.085404,0.015749,26.538909,cello,042__[cel][nod][cla]0042__2.wav
-369.106964,115.694550,-21.341883,32.868752,11.184041,4.091245,-7.406287,1.028968,-3.411177,1.760803,-10.528750,-12.384818,3.880786,1532.988469,1812.005241,2890.584059,0.089066,0.014607,26.740996,cello,042__[cel][nod][cla]0042__3.wav
-313.370087,139.255554,-56.713589,63.381332,5.409296,0.869106,-13.989415,-0.460087,-4.557191,-2.548321,-5.952437,-8.127427,-7.401776,1553.069667,1472.306079,2882.798978,0.091891,0.024716,23.766813,cello,043__[cel][nod][cla]0029__1.wav
-316.002167,117.682503,-61.912235,69.134705,-0.925067,5.017242,-7.358927,-2.465418,-8.295354,-7.233383,-11.043235,-11.529053,-2.625142,1871.780288,1422.038371,3201.656025,0.136276,0.030497,25.402569,cello,043__[cel][nod][cla]0029__2.wav
-338.634491,142.325867,-31.536835,54.209991,19.433613,-0.013655,-8.523881,4.907275,-2.523838,-12.146504,-0.792119,-4.290524,-5.983717,1175.185269,1462.428145,2491.143142,0.043025,0.037809,23.562399,cello,043__[cel][nod][cla]0029__3.wav
-316.883820,124.448662,-21.941566,6.527682,4.741706,-10.035765,-5.731090,0.590393,-1.766421,-1.479200,-10.001968,-4.695557,-15.352638,1475.377214,1892.884966,2643.283504,0.060941,0.029388,24.348379,cello,046__[cel][nod][cla]0034__1.wav
-296.643860,55.254894,-34.829456,-3.815770,-13.495819,-23.195200,-5.527132,14.457314,27.182354,26.662264,-10.311599,-18.300507,-20.812946,2205.422055,2180.537592,4018.012883,0.098806,0.059864,27.238743,cello,046__[cel][nod][cla]0034__3.wav
-308.452759,161.891861,-7.688024,24.057625,-2.170774,5.184782,-21.770166,14.761920,-13.315360,-12.476288,-19.081539,-31.865726,1.526250,1034.211862,1546.714861,1842.082707,0.036771,0.042248,25.697264,cello,048__[cel][nod][cla]0022__2.wav
-310.461182,146.346191,-5.736040,26.460787,-3.879805,4.746405,-25.115715,8.919052,-15.899831,-11.223849,-16.041006,-23.662275,2.044228,1252.071940,1775.731583,2450.809796,0.046627,0.030641,25.068003,cello,048__[cel][nod][cla]0022__3.wav
-496.817444,132.663528,-10.852270,29.572168,2.781217,-2.802324,-9.780750,-3.218315,-5.055510,5.670117,-2.559731,0.641494,-5.477727,1370.092782,1751.266719,2633.510742,0.069843,0.004653,25.292164,cello,056__[cel][nod][cla]0038__1.wav
-411.516418,119.293259,-24.047846,28.749481,-3.353930,-18.417507,-22.434584,-12.423423,-8.330437,6.441965,4.425211,6.633293,-7.375329,1638.669174,1712.914964,3031.709360,0.095970,0.011321,25.334023,cello,056__[cel][nod][cla]0038__2.wav
-317.874084,139.873779,-39.522625,17.596680,-8.627579,-7.673102,-18.477888,-9.140810,-13.472675,-5.204812,-8.788401,-4.453095,-11.290447,1480.076346,1613.810024,2687.095290,0.080608,0.019200,23.050932,cello,056__[cel][nod][cla]0038__3.wav
-369.101135,176.383987,-30.293814,29.399021,21.406025,-4.845610,-15.769958,-0.399762,1.540079,1.456416,-3.409047,-3.590719,-16.970869,899.733353,1229.815839,1813.012883,0.035720,0.025993,24.513856,cello,057__[cel][nod][cla]0036__1.wav
-393.624695,92.035873,-19.229795,30.621536,10.021974,0.104058,-13.418211,1.767302,-3.256741,-2.897690,-7.516367,0.407384,-15.338586,1778.233640,1847.467459,3229.566369,0.097900,0.016909,27.385605,cello,057__[cel][nod][cla]0036__2.wav
-492.561279,53.278126,-8.561742,19.159492,3.139467,-6.259711,-1.782529,19.865042,15.313450,-3.700034,-27.209175,-1.528782,22.654552,2950.473443,2418.459491,5546.539025,0.196082,0.004365,25.996502,cello,057__[cel][nod][cla]0036__3.wav
-401.876129,121.910606,-11.842347,23.808594,-3.788882,-7.387687,-16.046612,-5.159517,-6.462920,1.187713,-0.328718,8.331148,7.526589,1470.354342,1875.325565,2827.392390,0.067961,0.011138,25.751463,cello,060__[cel][nod][cla]0045__1.wav
-320.901642,87.614311,-13.401714,16.359707,-5.818768,-15.679900,-25.872490,-2.492754,-6.331838,3.048815,-13.188715,1.798132,1.502163,2104.160996,2139.564812,4038.055326,0.131979,0.023074,28.689619,cello,060__[cel][nod][cla]0045__2.wav
-330.723694,115.623352,-27.091425,19.350826,1.625690,-12.248570,-22.533703,-11.644004,-13.096331,-8.853737,-14.783186,-0.751798,5.581319,1637.747430,1784.735025,2885.532039,0.103831,0.020482,27.544289,cello,060__[cel][nod][cla]0045__3.wav
-281.077179,106.583252,-20.111858,12.281775,7.690619,-4.706603,-9.081441,-7.965421,-10.987150,1.882444,-5.964155,7.593174,-4.109117,1818.270739,2045.992743,3277.519156,0.101780,0.027622,27.517005,cello,061__[cel][nod][cla]0032__1.wav
-362.375824,121.893356,-25.070686,15.990428,2.797875,-6.846976,-6.161778,-1.269620,-1.043956,5.781638,-5.552915,5.932926,-7.015993,1579.609830,1832.563653,2814.472468,0.083368,0.014402,25.665310,cello,061__[cel][nod][cla]0032__2.wav
-308.275543,123.812721,-16.576162,21.851141,5.202421,-4.449734,-7.943623,-3.176078,-5.952320,9.623545,-1.370153,8.245359,-1.297384,1589.188413,1892.596472,2934.230206,0.080871,0.023064,26.149788,cello,061__[cel][nod][cla]0032__3.wav
-257.066925,137.151321,-17.716467,27.107212,-0.970247,-4.827834,-7.202797,-2.022588,-1.825186,7.832517,-3.325945,-0.010248,-10.572535,1454.239488,1762.749819,2801.055627,0.065355,0.040295,23.635081,cello,065__[cel][nod][cla]0059__1.wav
-255.101868,132.457016,-17.501497,28.662529,-1.149937,-1.801751,-5.516045,-0.623520,-2.054685,5.398732,-5.620037,-0.943140,-9.173407,1534.252250,1824.531816,3001.065956,0.071368,0.035955,23.423559,cello,065__[cel][nod][cla]0059__2.wav
-512.208984,105.920525,6.713680,20.272987,12.331542,3.666237,-14.077250,-1.065158,0.382980,7.558549,11.005856,23.236328,5.499815,1753.524914,2191.093669,3465.272123,0.077682,0.004957,23.508412,cello,071__[cel][nod][cla]0053__1.wav
-331.457550,169.648926,-16.199350,28.939360,6.970288,-1.278184,-18.600245,0.340821,0.401762,-3.507439,-11.546400,-7.841184,-11.895799,928.264006,1322.181518,1718.763709,0.037098,0.034346,23.430843,cello,071__[cel][nod][cla]0053__3.wav
-381.562286,162.675140,-30.103291,24.785158,-0.708840,-8.026513,-9.555279,-8.928965,-7.075113,-7.692621,-9.893026,-6.969460,-13.805604,1074.931051,1346.829863,1995.879470,0.052194,0.018950,24.529987,cello,074__[cel][nod][cla]0037__1.wav
-310.830231,127.728172,-30.954338,10.866737,-3.475886,-4.781801,-9.738931,-4.623184,-10.756987,-5.035607,-5.345708,10.266857,-1.274836,1659.823998,1782.952021,2935.141226,0.099827,0.021214,24.873964,cello,074__[cel][nod][cla]0037__2.wav
-333.338562,151.846069,-10.179155,29.235970,10.327437,0.669543,-3.657179,-1.469678,-2.826836,0.838813,-2.109047,5.506738,-8.203133,1222.807632,1605.278391,2324.592097,0.059672,0.023417,23.780896,cello,074__[cel][nod][cla]0037__3.wav
-391.511200,144.479721,-27.325132,22.957226,-0.170692,-8.638055,-6.255391,-7.130203,-8.950265,-13.586777,-22.167162,-11.125442,-9.799835,1208.552132,1545.549226,2253.201247,0.053733,0.013943,25.928654,cello,075__[cel][nod][cla]0021__2.wav
-408.352753,113.833588,-32.489529,12.015308,-8.115151,-13.921458,-13.692483,-15.595961,-18.303064,-8.063254,-19.863119,-4.053275,0.730972,1698.022178,1755.068680,3069.723745,0.103148,0.010651,28.855883,cello,075__[cel][nod][cla]0021__3.wav
-367.803101,181.656845,-14.470791,21.486864,21.618467,5.635199,-13.339520,8.070950,4.157231,-5.947931,-6.794204,0.181857,-11.194491,717.099289,1172.765857,1283.296086,0.024189,0.037197,25.013410,cello,078__[cel][nod][cla]0052__2.wav
-471.062439,168.397812,5.936091,9.194975,21.219383,7.467384,-9.364328,8.865362,10.333588,4.561349,-4.226198,3.246540,-3.484379,860.261626,1528.421640,1452.166091,0.025556,0.010295,23.610859,cello,078__[cel][nod][cla]0052__3.wav
-261.079376,88.667770,-32.311272,3.919021,-9.090231,-18.956205,-16.289715,-9.522289,-5.544990,3.274046,-9.030217,-0.203698,-3.327683,2021.134076,2113.955435,3683.088755,0.097390,0.037883,25.631421,cello,082__[cel][nod][cla]0035__1.wav
-373.243317,161.646561,3.166378,14.626870,21.422089,-1.999193,-4.877964,4.935325,-0.717522,-6.674833,-11.644437,-6.657539,-13.822008,954.179284,1592.858130,1622.444035,0.032767,0.025749,22.683023,cello,082__[cel][nod][cla]0035__2.wav
-281.733398,91.629433,-34.106808,4.715899,-5.044868,-12.400109,-2.226262,0.303091,-0.749367,2.109576,-9.700044,-1.187547,-12.944501,2083.791959,2107.215088,3739.903283,0.114874,0.027197,24.482043,cello,082__[cel][nod][cla]0035__3.wav
-239.731644,146.988007,-41.940338,9.633731,-15.119979,-3.095266,-16.962919,-3.566110,-4.287465,1.335711,-14.588080,-5.925529,-7.784142,1455.085204,1519.933621,2416.191031,0.095185,0.048515,24.471897,cello,083__[cel][nod][cla]0056__1.wav
-270.541168,128.595673,-13.264021,16.351135,0.506074,1.741356,-8.228373,16.418280,14.318222,-1.501686,-23.360058,-6.421569,11.843205,1644.971057,1843.253292,2897.209660,0.102118,0.035958,24.729465,cello,083__[cel][nod][cla]0056__2.wav
-270.548737,148.159622,-20.592926,22.853958,0.987283,-0.180041,-13.079665,-0.580437,-2.737989,1.758461,-8.668175,-0.537817,-9.452469,1319.084211,1665.487179,2438.552434,0.056667,0.031131,22.527366,cello,083__[cel][nod][cla]0056__3.wav
-333.399506,106.412437,-25.069527,20.168472,0.924338,-1.229582,-11.873713,-5.905981,-6.105991,-2.147233,-10.013889,-4.656068,-5.721047,1670.605471,1891.272369,3089.931828,0.086591,0.021779,27.078763,cello,088__[cel][nod][cla]0044__1.wav
-340.623444,105.478249,-31.064152,17.418945,2.965249,0.690662,-11.725753,-5.268118,-8.168915,0.730934,-8.956353,-9.684304,-6.010533,1676.352371,1856.672051,3004.875676,0.090396,0.019974,27.140038,cello,088__[cel][nod][cla]0044__2.wav
-341.988953,124.868126,-45.829281,48.575676,-5.981510,1.244442,-16.941124,1.134726,-4.460889,2.803914,-6.768656,-5.702884,-6.725261,1638.998713,1587.262138,2993.363694,0.099474,0.019235,24.686800,cello,089__[cel][nod][cla]0026__1.wav
-342.660706,125.110878,-43.903778,47.682102,-6.982276,-0.360037,-17.111155,3.192439,-4.433458,0.255701,-3.658196,-3.812828,-9.403473,1664.847785,1632.841037,3076.349346,0.098764,0.017752,23.989476,cello,089__[cel][nod][cla]0026__2.wav
-305.676361,144.484848,-42.390942,51.430889,-4.620932,-1.705822,-14.915310,1.310319,-4.823877,-3.285113,-8.334175,-13.642561,-10.977785,1471.492354,1439.422775,2775.712703,0.097882,0.030948,25.604100,cello,089__[cel][nod][cla]0026__3.wav
-353.500610,95.015373,-20.020010,58.983353,-16.274387,14.035563,-26.967968,-5.437047,-12.288492,-3.861549,-6.960749,1.070421,7.819354,2101.935384,2026.734545,4426.564002,0.102866,0.013173,23.546451,cello,090__[cel][nod][cla]0024__1.wav
-362.716156,89.915787,-22.400791,60.301922,-17.121140,16.258350,-26.580484,-3.602696,-11.909390,2.702456,3.099559,11.633812,4.481128,2169.589662,2065.326441,4585.081505,0.092574,0.011488,24.188451,cello,090__[cel][nod][cla]0024__2.wav
-380.073242,79.142143,-16.599474,65.968750,-13.481092,23.514769,-19.265818,-1.481536,-10.326980,-2.920819,-8.291035,-1.383336,-1.397855,2370.798764,2178.115090,4890.024790,0.099117,0.009963,23.465765,cello,090__[cel][nod][cla]0024__3.wav
-413.615021,147.017044,-10.342908,21.141779,7.430647,1.174197,-16.316046,4.810797,5.229266,-3.589822,-12.342047,-4.039723,-9.155549,1158.999173,1637.796149,2214.607121,0.041376,0.014007,24.221968,cello,101__[cel][nod][cla]0054__1.wav
-514.068359,136.171722,17.784994,18.842888,13.646605,0.573585,-13.414319,-1.821962,1.386742,3.896997,-2.321917,-0.399264,-10.427748,1245.513661,1977.721744,2439.463454,0.037891,0.006057,21.791966,cello,101__[cel][nod][cla]0054__2.wav
-302.192017,155.755737,-51.187801,53.135933,13.671608,0.437226,-16.085167,-11.095743,-3.587455,-16.519384,-17.184532,-13.610051,-1.592849,1342.134903,1305.367551,2351.094501,0.085521,0.038914,23.950116,cello,106__[cel][nod][cla]0028__1.wav
-313.696289,153.275513,-47.326065,55.878193,4.138928,0.241893,-14.023876,-9.307065,-3.526165,-14.890621,-17.731920,-12.564213,-3.960904,1376.299177,1353.536996,2519.219126,0.094591,0.035553,24.516912,cello,106__[cel][nod][cla]0028__2.wav
-317.604553,156.541702,-48.770756,52.440880,4.431623,3.953776,-10.647120,-10.414669,-10.191887,-12.126868,-15.023050,-5.655308,0.300002,1330.086002,1379.279405,2485.097281,0.086636,0.029189,25.413593,cello,106__[cel][nod][cla]0028__3.wav
-301.143524,146.922928,-15.668015,19.570763,2.752990,-3.057641,-21.934202,-0.269922,-8.426055,-5.211572,-14.050653,-4.564868,-9.225712,1317.708591,1683.560354,2413.126690,0.058316,0.026138,23.490778,cello,114__[cel][nod][cla]0049__1.wav
-283.932526,134.173294,-14.327065,18.771868,4.706052,1.020627,-18.322580,1.428183,-5.722359,-0.970922,-14.553249,-4.630383,-12.323490,1508.241860,1835.142526,2798.488206,0.073066,0.026715,23.844145,cello,114__[cel][nod][cla]0049__2.wav
-390.285461,142.204056,-23.177029,21.610735,4.645802,-2.536493,-18.667873,6.491737,8.122758,-3.256041,-11.569029,-2.789020,-10.801712,1079.251449,1503.168509,2001.925331,0.036501,0.020562,26.907691,cello,115__[cel][nod][cla]0055__1.wav
-397.399994,178.461868,-7.933882,18.032719,25.307791,4.168973,-13.827443,3.755079,2.659712,-1.507911,-4.802670,1.612930,-8.072924,737.633266,1252.050999,1306.899790,0.027648,0.026583,25.572492,cello,115__[cel][nod][cla]0055__2.wav
-448.995422,137.773209,-5.301766,19.193441,11.236662,7.739030,-4.889662,0.745597,-5.219164,1.059725,-2.632290,-1.815616,-8.217978,1309.816185,1825.220185,2343.060960,0.055142,0.006764,23.328411,cello,117__[cel][nod][cla]0050__1.wav
-492.914215,138.079086,12.613028,18.605606,14.075956,4.644448,-7.747503,5.589379,8.581903,5.626703,-5.598951,-3.872800,-9.522438,1134.474369,1861.400017,2057.580379,0.032474,0.007657,23.323121,cello,117__[cel][nod][cla]0050__2.wav
-418.486298,156.537476,-5.646733,19.959612,5.628260,-4.719019,-11.841778,1.064228,2.494410,-0.852198,-4.245821,-1.318634,-8.299339,1009.215615,1458.849520,1672.632963,0.043123,0.017589,24.182180,cello,117__[cel][nod][cla]0050__3.wav
-198.753571,89.990700,-11.904303,26.252104,4.054276,1.853043,-7.905770,7.786232,0.589404,16.603260,15.638970,16.941038,-8.703493,2125.244212,2261.292592,4206.014310,0.105694,0.060770,25.204544,cello,119__[cel][nod][cla]0057__1.wav
-189.476837,107.979866,-13.101969,19.273853,7.500973,2.307896,-3.256170,7.375935,3.987228,19.807140,9.473103,11.753741,-16.436905,1902.394662,2085.535341,3539.727314,0.101149,0.076295,25.547896,cello,119__[cel][nod][cla]0057__2.wav
-189.188522,84.003769,-41.096004,10.181454,-5.838689,-6.300051,-15.450584,-6.145755,-6.890211,14.339557,1.795620,-0.349237,-16.206347,2215.995284,2085.283733,3992.007399,0.115648,0.061156,24.728577,cello,119__[cel][nod][cla]0057__3.wav
-326.791870,129.447418,-49.725471,69.761612,12.119968,-0.916660,-9.454590,-0.364994,-6.062979,-4.327513,-3.495185,-8.631842,-11.687160,1606.017369,1557.877588,2992.701134,0.099335,0.020893,24.476273,cello,120__[cel][nod][cla]0030__1.wav
-303.743744,143.507477,-50.447395,68.384628,6.974788,-8.802105,-12.183665,-0.701320,-3.977483,-7.477929,-6.147104,-5.444024,-4.005630,1412.618233,1460.721485,2847.683293,0.074192,0.030922,24.967526,cello,120__[cel][nod][cla]0030__2.wav
-328.728668,141.972992,-47.238838,58.672337,16.542551,-1.071114,-10.939048,4.053258,-2.741120,-3.996640,-5.753649,-9.012154,-11.116186,1349.339621,1494.612817,2676.659968,0.062203,0.024928,24.273338,cello,120__[cel][nod][cla]0030__3.wav
-266.543884,128.282516,-33.589890,17.587263,-2.746455,-2.121918,-19.914137,-10.262444,-9.255448,-0.688199,-5.554872,-7.478065,-3.673805,1524.232522,1671.893520,2644.608624,0.091511,0.033058,26.342726,cello,125__[cel][nod][cla]0046__2.wav
-239.047241,88.911377,-24.421116,22.209543,0.279185,-3.788723,-13.509341,-4.825730,-2.674186,-0.297684,-15.216084,-9.298977,-6.612678,1979.662246,2077.686976,3760.194186,0.098967,0.042854,26.693190,cello,125__[cel][nod][cla]0046__3.wav
-279.846405,141.491623,-17.724398,18.389713,-0.204685,-2.157186,-19.566109,-5.669511,-8.034177,-2.765131,-10.149068,-7.204468,-13.141844,1319.646347,1632.280692,2470.852239,0.060430,0.048494,25.451957,cello,127__[cel][nod][cla]0047__1.wav
-294.423065,89.746017,-26.828257,-8.019490,-12.562043,-4.371255,-22.724924,-9.238244,-21.112717,0.792224,0.058906,25.117094,16.534220,2059.226548,2110.400135,3812.702073,0.092251,0.030052,26.274207,cello,127__[cel][nod][cla]0047__2.wav
-343.643158,153.127350,-19.364889,21.628174,10.689100,-1.756144,-15.669916,1.216840,1.075624,-2.395578,-6.398625,-1.787707,-12.807042,1068.419289,1485.271045,1996.459210,0.038777,0.027994,24.210663,cello,127__[cel][nod][cla]0047__3.wav
-338.340271,142.220734,-9.192750,19.742958,15.197879,3.148832,-8.793172,2.322681,-8.676604,-9.440167,-2.580513,14.458147,-2.866100,1528.369943,1813.932207,2719.312275,0.110554,0.015516,25.861064,cello,130__[cel][nod][cla]0040__1.wav
-327.815674,132.779938,-14.001474,9.669349,12.127932,4.526747,-6.936037,-6.279978,-9.737558,1.405524,-2.849751,7.273331,-4.051801,1637.946417,1838.582618,2885.946139,0.114235,0.017484,27.147861,cello,130__[cel][nod][cla]0040__2.wav
-340.033417,144.440979,-22.294512,7.285750,11.906219,0.782460,-5.949038,-3.720163,-4.400874,6.673551,-8.305486,-7.495216,-17.926470,1620.979563,1796.637750,2883.461538,0.110746,0.015955,26.867020,cello,130__[cel][nod][cla]0040__3.wav
-272.839722,114.578346,-9.321254,19.686504,4.393211,4.841412,-10.410913,-0.556061,-10.663721,12.283442,6.619020,6.230135,-11.682348,1700.155733,1928.485392,3018.458158,0.093419,0.031153,26.638079,cello,132__[cel][nod][cla]0048__1.wav
-278.026550,112.052116,-0.570217,29.393122,7.771844,-1.760848,-27.036367,-1.199446,-7.332381,5.601832,9.887270,13.092920,-2.484129,1536.534033,1908.177313,2746.311599,0.069712,0.040044,27.965673,cello,132__[cel][nod][cla]0048__2.wav
-434.350555,129.672882,11.411325,37.846779,10.176797,12.634998,9.010976,5.029463,6.796476,-1.722579,-11.497759,-13.114065,-11.972656,1074.828119,1746.863413,1915.875338,0.036955,0.017158,24.539110,cello,[cel][jaz_blu]0009__1.wav
-458.559662,123.130226,16.887629,34.006676,7.944599,12.724060,10.828019,7.963975,7.428729,-0.406390,-6.437968,-7.956265,-7.905728,1231.933809,1951.051184,2414.368990,0.041699,0.011693,23.361523,cello,[cel][jaz_blu]0009__2.wav
-476.778351,114.753883,17.965527,32.660645,9.268130,14.139437,8.636261,6.457013,6.237520,-1.353939,-8.498787,-8.750766,-7.745437,1372.135366,2131.763396,2939.861967,0.039581,0.007861,23.424964,cello,[cel][jaz_blu]0009__3.wav
-101.110229,99.875443,-9.976135,35.918285,3.630610,15.687543,2.098297,1.990574,-0.769823,-8.810923,-15.236903,5.382755,-9.923156,1766.071535,2191.779899,3934.695951,0.065693,0.162521,26.340416,cello,[cel][jaz_blu]0011__1.wav
-114.102791,102.665283,-2.830156,39.859901,16.103125,13.384789,2.570483,4.421106,2.683002,-5.471834,-18.301342,-2.460476,-6.660419,1674.805673,2195.370166,3660.147611,0.062376,0.160615,26.846732,cello,[cel][jaz_blu]0011__2.wav
-316.036896,97.111794,3.159217,37.529636,32.350780,16.776255,-7.187205,12.670449,0.124744,3.882360,6.169648,2.444687,-15.681877,1636.744327,2207.411513,3429.162598,0.063503,0.035000,25.265084,cello,[cel][jaz_blu]0012__1.wav
-245.641602,103.085739,-6.551953,32.160332,28.405525,11.872681,-14.102469,6.858550,2.985467,10.607416,7.680750,4.959507,-10.714612,1681.853536,2170.042133,3350.483586,0.067349,0.050268,25.075572,cello,[cel][jaz_blu]0012__2.wav
-129.617310,57.231670,-34.747272,34.062611,-10.398098,2.761567,-5.182445,1.156955,-4.953556,-0.236348,-17.920790,4.998906,9.887054,2911.409164,2270.056296,5268.015325,0.187898,0.061154,22.743623,cello,[cel][jaz_blu]0013__2.wav
-132.381393,55.868370,-19.075230,31.886587,-2.582423,4.217396,0.408301,6.176073,-2.472560,0.790308,-10.942963,4.890951,8.003183,2974.250036,2540.644182,5793.508301,0.161677,0.063561,22.632007,cello,[cel][jaz_blu]0013__3.wav
-290.532166,128.025513,11.440292,35.605442,1.876733,17.696260,3.150877,1.955807,5.087969,7.178535,-1.388916,-0.224267,-0.200652,1237.745547,1938.772021,2648.915264,0.029383,0.044963,23.083910,cello,[cel][jaz_blu]0061__1.wav
-41.426254,95.195045,12.353388,27.188023,8.393516,16.647373,3.339808,6.928698,9.144938,3.718789,-3.943412,1.082441,-1.799795,2090.861726,2611.839854,4969.532001,0.067270,0.241732,22.144433,cello,[cel][jaz_blu]0066__1.wav
-39.292984,84.753647,15.311876,27.893435,7.140195,16.323614,1.489845,6.469064,7.361232,5.180499,-3.107819,1.286666,-4.445499,2270.528659,2683.286269,5357.792218,0.087928,0.242413,23.638429,cello,[cel][jaz_blu]0066__2.wav
-265.620605,129.612732,-9.690115,43.305874,6.395342,23.807524,8.665095,11.033945,1.997027,-2.757195,-11.669465,-3.421087,-1.073139,1187.906273,1555.141553,2293.534593,0.058932,0.079993,26.916487,cello,[cel][jaz_blu]0067__1.wav
-258.434387,137.622955,-4.219979,49.458488,6.599448,24.400724,7.713559,9.827971,0.746206,-1.468870,-7.165755,-4.481307,-0.759301,1034.525261,1453.270040,1911.237417,0.043791,0.099776,27.705836,cello,[cel][jaz_blu]0067__2.wav
-222.103577,130.510345,-6.996609,42.548508,3.862756,23.757963,3.439619,6.688293,-22.212631,-14.045918,-9.793544,15.456336,10.965347,1343.574510,1639.398252,2649.329364,0.072803,0.114003,29.550537,cello,[cel][jaz_blu]0067__3.wav
-41.373909,104.695557,-21.663019,57.569298,9.608665,17.515797,5.420217,13.193266,3.200318,6.899010,-1.262428,1.069427,-10.838445,1835.464269,2086.115494,3930.140850,0.071732,0.240808,21.867719,cello,[cel][jaz_blu]0085__1.wav
-25.873140,84.847137,-7.265997,58.327286,5.406402,14.897510,5.547911,16.106159,0.430638,5.636633,-6.912397,3.119725,-7.528704,2161.180646,2357.238804,4643.303974,0.085825,0.252840,21.714419,cello,[cel][jaz_blu]0085__2.wav
-20.507092,80.306923,-1.951187,55.820724,5.968842,16.142303,2.918541,13.787761,0.725807,6.197733,-5.696781,2.234906,-5.831719,2271.382189,2456.442634,4952.802359,0.090448,0.251984,21.711811,cello,[cel][jaz_blu]0085__3.wav
-9.076801,110.546577,-2.417211,28.559153,1.707108,12.781552,-3.401159,6.493072,0.880586,7.519430,0.377382,2.664565,-9.075088,1925.024192,2298.178374,4293.555063,0.065047,0.339111,22.290602,cello,[cel][jaz_blu]0086__1.wav
-15.030318,99.347244,-7.257759,18.418736,1.120149,17.327433,-0.823258,9.254131,0.591976,2.502748,-2.755450,2.575895,-8.173907,2175.989769,2433.887603,4812.670898,0.082771,0.273662,22.330528,cello,[cel][jaz_blu]0086__2.wav
-110.035759,98.654579,-55.048161,11.446689,18.252136,3.587118,-6.563151,10.020874,12.078779,8.027575,-5.108492,-3.849416,-15.156256,2003.035238,1826.902060,3124.384953,0.139085,0.139545,26.938671,cello,[cel][pop_roc]0006__1.wav
-104.799797,118.980797,-49.149258,16.374727,20.713810,-1.571797,-2.739665,-0.953820,-0.537092,6.770472,-11.110435,-8.233333,-10.385541,1730.051960,1740.230522,2896.464280,0.116038,0.133019,26.295470,cello,[cel][pop_roc]0006__3.wav
-261.373810,181.062805,-8.679042,21.547934,19.307755,13.924309,-4.846725,-4.936080,-7.709099,-3.362416,-1.418407,-4.828787,-4.901672,684.461177,1148.852176,1210.000376,0.024632,0.116302,27.781145,cello,[cel][pop_roc]0010__1.wav
-328.307617,195.427505,2.305526,9.878726,20.193333,11.134417,-0.635011,7.841962,3.198479,3.760439,12.684134,3.216302,-6.035363,613.877100,1084.693821,991.935284,0.023663,0.082688,25.622064,cello,[cel][pop_roc]0010__2.wav
-271.458496,188.305267,-39.627171,18.061108,-8.390377,-22.564903,-16.173531,2.079391,-2.750380,-6.201698,-18.432476,-17.572952,-15.876882,958.152848,1103.840894,1687.374925,0.054398,0.060606,26.676026,cello,[cel][pop_roc]0014__1.wav
-258.487305,184.410400,-36.214642,19.640167,-5.484133,-23.995268,-20.597538,-2.678936,-3.829700,-8.579576,-16.727592,-10.656727,-10.391213,938.418859,1110.517153,1730.855431,0.048573,0.076892,26.755086,cello,[cel][pop_roc]0014__2.wav
-221.780731,178.596191,-37.164967,20.815767,-8.758541,-18.978922,-13.571225,-4.219894,-11.035510,-10.813624,-16.832047,-10.467875,-15.250504,968.682111,1180.083200,1795.123761,0.046158,0.097774,26.497473,cello,[cel][pop_roc]0014__3.wav
-82.139290,118.895355,-26.652126,17.280235,17.301779,15.786493,-2.035748,11.229804,-3.856307,5.966740,-7.760585,0.047937,-6.723469,1634.646498,1915.386077,3048.439002,0.082429,0.176831,26.468115,cello,[cel][pop_roc]0016__1.wav
-234.712784,229.346008,17.869545,-29.873779,13.527415,8.604376,-17.967762,-13.340118,-8.039122,-13.441921,-9.098954,-1.907208,-4.355102,620.428078,481.641002,1089.994178,0.043427,0.268798,25.679457,electric_guitar,005__[gel][nod][jaz_blu]0822__1.wav
-219.637894,232.227707,-1.718630,-32.369450,17.834583,0.170092,-21.372993,-7.850080,-9.188559,-19.572002,-10.845654,-0.644342,-2.257990,668.092479,526.793972,1108.628681,0.046856,0.266833,25.079544,electric_guitar,005__[gel][nod][jaz_blu]0822__3.wav
-3.863123,88.675201,-9.333719,33.414879,-3.523716,4.397102,-4.157811,2.046806,-1.834968,4.084125,0.051085,2.852431,-3.610800,2385.314112,2424.729000,4999.015925,0.115610,0.251024,22.531459,electric_guitar,014__[gel][---][pop_roc]0978__1.wav
32.842587,87.030502,-27.864862,31.604342,0.464320,15.236993,7.634316,6.886643,2.167824,5.281446,3.085409,7.992463,-1.855542,2471.958182,2338.530374,4961.415640,0.126747,0.280864,20.915852,electric_guitar,014__[gel][---][pop_roc]0978__2.wav
-449.412567,150.979813,68.813446,35.984142,29.357607,13.265588,-3.466165,-8.490450,-9.674896,-11.967819,-14.805424,-17.046009,-17.850548,407.590342,890.073445,373.849534,0.020688,0.045198,23.710127,electric_guitar,056__[gel][nod][jaz_blu]0794__1.wav
-417.337891,180.354904,73.021027,29.730093,20.351156,4.709166,-7.483759,-8.870812,-8.260387,-9.289226,-13.312471,-16.600996,-16.494898,366.144721,715.870698,401.428598,0.019685,0.075837,24.417373,electric_guitar,056__[gel][nod][jaz_blu]0794__2.wav
-442.676453,177.467728,48.991695,26.681747,30.899456,11.011539,-4.781738,-11.541624,-12.586736,-10.134721,-11.781915,-15.775096,-16.573378,411.639268,831.855248,412.609300,0.020549,0.055392,24.843785,electric_guitar,056__[gel][nod][jaz_blu]0794__3.wav
-241.820877,169.019211,-14.241302,38.479721,8.109881,3.550038,-6.541831,-1.810256,-0.043954,3.430965,1.270383,6.476110,-3.370398,981.229839,1360.238358,1919.767879,0.042071,0.094214,23.458421,electric_guitar,074__[gel][nod][jaz_blu]0792__1.wav
-210.534103,181.224792,-26.755938,36.241768,-3.693486,-1.212354,-7.283922,-6.980918,-6.154774,-1.246190,-12.862754,1.427936,-1.658757,1060.166800,1260.835842,2016.501653,0.057320,0.105500,24.917174,electric_guitar,074__[gel][nod][jaz_blu]0792__2.wav
-220.879181,175.606018,-25.001673,36.180126,2.037472,-4.782884,-5.662635,-4.176337,-3.554459,-2.579592,-5.554551,-0.226109,-8.156633,1026.134838,1256.468662,2006.231971,0.052441,0.108453,25.238557,electric_guitar,074__[gel][nod][jaz_blu]0792__3.wav
-155.693420,91.738281,38.685734,27.036547,4.688779,15.613526,-3.694981,8.572487,6.202111,6.603996,-1.550818,2.818316,-1.109120,1961.808791,2692.657915,5114.135742,0.053936,0.134633,25.512434,electric_guitar,075__[gel][nod][cou_fol]0752__1.wav
-168.908600,99.483871,28.657797,28.228140,6.105315,12.643256,-2.344722,9.619906,-1.565162,-0.476335,-2.237365,0.965889,-3.265043,1802.862547,2513.413226,4440.891864,0.056412,0.119124,25.720665,electric_guitar,075__[gel][nod][cou_fol]0752__2.wav
-114.304298,83.371201,-3.370079,39.510986,19.112593,1.642752,2.477862,7.376338,1.102800,-0.461344,-1.547131,8.894886,1.353183,2239.527254,2571.353452,4948.330078,0.078226,0.153004,25.982625,electric_guitar,088__[gel][nod][cou_fol]0755__1.wav
-118.462257,90.217445,3.418555,38.371918,18.683399,2.514211,4.868018,6.827459,1.852040,0.671057,-2.486188,-1.568188,-7.067669,2102.420427,2590.175180,4854.660645,0.058894,0.157816,25.322277,electric_guitar,088__[gel][nod][cou_fol]0755__2.wav
-118.054375,87.851746,1.658138,38.560230,21.106066,-0.135186,3.415904,6.775017,-1.387554,-0.461590,-1.774683,-1.482784,-7.838326,2168.089461,2638.865124,4965.473821,0.057948,0.158459,24.758525,electric_guitar,088__[gel][nod][cou_fol]0755__3.wav
-104.771523,106.529091,3.291048,18.153267,2.340522,2.273469,-7.869256,4.588749,0.192887,0.118043,-3.862596,1.066357,-1.561171,2010.328217,2402.527001,4382.172476,0.087252,0.128167,22.071384,electric_guitar,163__[gel][nod][jaz_blu]0776__1.wav
-105.408417,106.030647,2.700998,18.901899,1.391800,-0.053750,-8.755599,4.234697,-2.510719,-2.019984,-4.734452,-0.379270,-2.182139,1967.712611,2374.478381,4240.053335,0.079488,0.138819,21.761430,electric_guitar,163__[gel][nod][jaz_blu]0776__2.wav
-101.370804,103.791389,2.761706,16.092699,0.680756,-3.200359,-10.785793,2.667626,2.236302,4.625502,-0.309163,1.214556,-1.335668,2059.393623,2439.458429,4475.179349,0.081449,0.135921,21.781850,electric_guitar,163__[gel][nod][jaz_blu]0776__3.wav
-217.505981,148.609818,53.699829,34.081326,15.900065,8.820601,-3.802735,-2.700031,-7.803437,-4.208200,-10.063980,-7.669236,-10.988818,884.954843,1685.545639,1258.367263,0.030773,0.194144,23.025584,electric_guitar,177__[gel][nod][jaz_blu]0803__1.wav
-216.701767,158.845047,45.873947,29.838726,12.965533,2.430914,-4.080932,-1.590752,-12.389664,-5.592915,-9.773992,-6.840075,-6.471775,868.475832,1536.644574,1317.500751,0.034604,0.192535,23.740508,electric_guitar,177__[gel][nod][jaz_blu]0803__2.wav
-216.872986,158.518387,49.083595,32.333469,14.631648,6.687116,-1.716035,-2.865860,-11.345579,-6.574569,-9.087820,-4.048145,-5.827195,801.200008,1507.468760,1196.335074,0.028418,0.223609,22.733195,electric_guitar,177__[gel][nod][jaz_blu]0803__3(1).wav
-216.872986,158.518387,49.083595,32.333469,14.631648,6.687116,-1.716035,-2.865860,-11.345579,-6.574569,-9.087820,-4.048145,-5.827195,801.200008,1507.468760,1196.335074,0.028418,0.223609,22.733195,electric_guitar,177__[gel][nod][jaz_blu]0803__3.wav
-381.348389,170.590164,64.999130,25.489483,23.897892,10.584924,-6.495611,-10.704300,-7.178039,-6.647431,-11.956258,-16.519896,-16.873056,385.478320,694.471286,441.347844,0.021101,0.085478,24.282822,electric_guitar,188__[gel][nod][jaz_blu]0795__1.wav
-345.255829,200.111954,24.914381,19.666103,25.430401,-3.050892,-11.819272,-12.070700,-11.817974,-6.576024,-7.502839,-14.229748,-19.099216,522.226325,733.027583,770.640212,0.027870,0.098051,25.908726,electric_guitar,188__[gel][nod][jaz_blu]0795__2.wav
-199.947372,111.940269,15.159578,36.945976,8.484129,25.892063,-5.664462,2.395768,-5.604990,-1.276032,-7.401269,3.575449,-8.825167,1631.990657,2215.459588,3776.426908,0.056408,0.077830,25.446453,electric_guitar,209__[gel][nod][cou_fol]0757__1.wav
-190.280746,109.287018,20.053541,36.387897,-2.625736,21.823238,-5.669426,2.417297,-12.344033,1.385213,-1.385970,1.582787,-6.140267,1786.946209,2309.198508,4269.868540,0.071150,0.073568,25.086770,electric_guitar,209__[gel][nod][cou_fol]0757__2.wav
-183.056671,104.930946,10.886776,32.603603,-3.692150,26.722946,-1.896810,-1.894938,-12.919418,8.732164,-2.521847,-8.343536,-7.149630,1905.787578,2346.858291,4521.061636,0.079515,0.071090,24.778243,electric_guitar,209__[gel][nod][cou_fol]0757__3(1).wav
-183.056671,104.930946,10.886776,32.603603,-3.692150,26.722946,-1.896810,-1.894938,-12.919418,8.732164,-2.521847,-8.343536,-7.149630,1905.787578,2346.858291,4521.061636,0.079515,0.071090,24.778243,electric_guitar,209__[gel][nod][cou_fol]0757__3.wav
-170.996994,118.849205,-128.720551,45.428547,-38.704178,-29.149719,1.522530,-8.270827,-21.937407,-3.069103,7.679560,-0.115807,8.584018,2240.120140,1143.404806,3357.109187,0.203486,0.167171,26.490190,electric_guitar,213__[gel][nod][jaz_blu]0790__2.wav
-198.388641,176.488739,-117.092430,12.486444,-11.783469,-25.708101,6.747610,-7.414578,-16.141796,-16.549080,3.267367,-0.153553,-4.676777,1543.667180,995.342938,2606.594238,0.123039,0.109708,23.823371,electric_guitar,213__[gel][nod][jaz_blu]0790__3.wav
-103.254578,111.623482,-13.037487,24.030094,-9.728089,-0.265762,-8.755598,-0.552465,-10.087241,-2.516523,-4.530900,0.142824,-8.645180,1908.843931,2118.411633,3922.852689,0.094366,0.122856,25.048253,electric_guitar,220__[gel][---][pop_roc]0942__1.wav
-97.829475,127.559769,-38.217415,36.996738,-6.465140,-1.928125,-2.661957,5.358243,-2.182945,-6.144768,-7.236154,0.410497,-5.192189,1655.258561,1696.577253,3143.599196,0.094475,0.146831,25.764653,electric_guitar,220__[gel][---][pop_roc]0942__2.wav
-278.180267,232.481766,17.779253,-4.083229,12.464094,-5.820671,-15.058033,-7.201054,-11.878011,-11.242842,-7.288245,-11.827329,-10.879670,547.241933,679.264552,860.168645,0.035479,0.158667,24.680580,electric_guitar,233__[gel][nod][jaz_blu]1124__1.wav
-291.025848,212.831055,10.788905,2.341165,10.998572,-2.034533,-3.901740,0.917504,-4.845005,-7.812191,-7.522266,-10.022845,-10.890038,636.715747,779.312301,907.790152,0.051288,0.133212,24.952237,electric_guitar,233__[gel][nod][jaz_blu]1124__2.wav
-291.020447,219.877243,0.920240,-3.639084,9.192381,2.290183,2.530599,1.585953,-9.870235,-10.328665,-2.374394,-4.319950,-5.376492,698.141100,775.150630,1043.366511,0.063315,0.128297,25.012363,electric_guitar,233__[gel][nod][jaz_blu]1124__3.wav
-285.082031,139.162170,67.359932,40.489258,13.977462,13.424023,5.595538,4.840987,-4.884503,1.145310,-3.885794,-2.192439,-11.963574,877.698165,1809.595723,1234.100999,0.024260,0.114058,22.846962,electric_guitar,235__[gel][nod][jaz_blu]0802__1.wav
-270.773071,146.408539,62.506744,41.168915,15.851807,14.343173,4.455091,4.028511,-4.734569,-0.166529,-3.721430,-2.014881,-11.044372,791.601635,1668.873600,1119.312462,0.022562,0.126790,22.554807,electric_guitar,235__[gel][nod][jaz_blu]0802__2.wav
-277.689972,148.579742,63.074032,39.886425,14.148618,10.275139,-0.907619,0.732623,-5.037735,0.517890,-3.642622,-2.948441,-11.363278,844.520516,1660.756401,1235.840219,0.028099,0.114739,22.865767,electric_guitar,235__[gel][nod][jaz_blu]0802__3.wav
-125.139397,78.008057,-41.375343,40.136414,10.847711,3.589300,1.504217,4.338841,-11.166703,-2.884413,0.092708,3.806273,-7.671701,2493.999314,2065.279756,4267.466759,0.175192,0.077006,22.396856,electric_guitar,245__[gel][nod][jaz_blu]0821__1.wav
-130.528900,82.440041,-46.822582,44.064514,12.509095,-0.051380,-3.162034,5.528452,-8.532071,-2.361270,1.245121,3.356139,-9.183391,2444.381242,1970.596251,4126.755559,0.178042,0.080510,21.856456,electric_guitar,245__[gel][nod][jaz_blu]0821__2.wav
-245.596771,127.385429,30.986023,21.548925,15.295876,10.432116,-8.247543,1.714218,-0.755670,4.684377,-2.401276,-4.035698,-4.619575,1344.702033,2177.404701,2737.284217,0.036974,0.058096,23.266223,electric_guitar,[gel][jaz_blu]0869__1.wav
-238.179810,133.938202,37.782768,19.180243,14.301279,9.049323,-11.657213,-2.241338,-4.178229,0.580234,-5.975658,-5.845065,-6.766040,1235.154675,2064.740647,2410.310810,0.036433,0.080059,23.479454,electric_guitar,[gel][jaz_blu]0869__2.wav
-230.291321,116.349281,36.367970,25.363331,13.686745,13.362729,-5.666825,-0.125921,-0.575808,3.115244,-1.851827,-2.482890,-5.243423,1581.356039,2417.156347,3792.825270,0.040895,0.063990,22.893938,electric_guitar,[gel][jaz_blu]0869__3(1).wav
-230.291321,116.349281,36.367970,25.363331,13.686745,13.362729,-5.666825,-0.125921,-0.575808,3.115244,-1.851827,-2.482890,-5.243423,1581.356039,2417.156347,3792.825270,0.040895,0.063990,22.893938,electric_guitar,[gel][jaz_blu]0869__3.wav
-34.324192,121.682495,-32.944996,48.435638,5.265904,-3.999297,2.735469,3.720911,0.898957,5.364931,-1.635264,3.493886,-9.835920,1810.354520,1886.576202,3472.808744,0.099245,0.220468,22.026204,electric_guitar,[gel][jaz_blu]0890__1.wav
-23.723791,111.911293,-18.483698,36.871975,9.693418,2.739337,-0.428014,6.097378,-2.379325,5.093743,-1.569987,5.288548,-3.550941,1880.664475,2133.730878,3775.433068,0.086347,0.234226,21.229503,electric_guitar,[gel][jaz_blu]0890__2.wav
-16.083113,112.345772,-27.388826,44.980309,5.909706,-2.611923,-4.206989,1.026230,-0.561967,6.980412,1.517504,6.624182,-3.285422,1922.877718,2023.987588,3722.925180,0.099192,0.236958,21.548414,electric_guitar,[gel][jaz_blu]0890__3.wav
-248.521759,134.195679,-23.797827,47.672596,31.563766,11.526900,-1.488334,6.603130,-0.576757,6.759262,2.177818,4.119633,2.225114,1345.523268,1639.857121,2601.045297,0.075563,0.068972,23.617369,electric_guitar,[gel][jaz_blu]0893__2.wav
-251.280319,141.556641,-15.370908,44.768398,38.922203,16.263575,2.448801,9.999380,0.861841,8.249459,-1.280218,-8.013557,-10.183869,1069.406961,1580.772252,2221.895282,0.039438,0.086851,23.369799,electric_guitar,[gel][jaz_blu]0893__3.wav
-205.018326,93.341599,59.683979,27.611553,0.455484,16.382835,-14.403398,-6.590401,-6.517231,7.383021,-5.410964,4.077932,-6.547408,1935.832584,2678.540629,5041.336952,0.054699,0.125090,24.402767,electric_guitar,[gel][jaz_blu]0905__1.wav
-194.456604,94.951218,55.593540,15.437531,1.559537,10.690976,-14.214633,-8.343019,-4.083153,11.420567,-1.501830,0.792651,-15.394614,1867.399313,2650.301839,4639.659893,0.055033,0.158572,25.391873,electric_guitar,[gel][jaz_blu]0905__3.wav
-57.117622,85.557854,-3.312546,16.780771,-1.886764,6.174690,-1.498457,5.295088,-7.182254,-0.263409,-1.928226,2.693099,-8.881073,2458.662293,2589.193795,5413.861366,0.113995,0.150635,22.884112,electric_guitar,[gel][jaz_blu]0907__1.wav
-54.230003,86.579628,-3.182931,18.312714,-2.450157,5.317477,-1.490332,6.555545,-1.809261,2.648797,-2.883924,2.901627,-3.629011,2468.927587,2601.032059,5432.495868,0.107215,0.141975,21.903852,electric_guitar,[gel][jaz_blu]0907__2.wav
-46.290157,92.030952,-2.500162,15.991654,-6.020062,-0.002013,-9.449240,0.340889,-6.179307,1.607982,-3.835258,1.780179,-3.814226,2337.000085,2560.129670,5215.838717,0.094629,0.160904,21.998048,electric_guitar,[gel][jaz_blu]0907__3.wav
-306.354858,97.692604,48.294697,42.013229,-0.290377,17.028519,-16.778896,-0.366827,-5.705727,-1.457618,-9.875877,-0.853183,-7.862261,1589.509525,2360.183811,4003.602201,0.037992,0.056429,24.552341,electric_guitar,[gel][jaz_blu]0908__1.wav
-304.105469,92.258942,46.650848,34.781864,-4.250612,15.344559,-19.057697,-3.831469,-11.105288,-8.220848,-17.059719,-10.038707,-11.943588,1687.672383,2364.918816,4082.364032,0.042379,0.065665,25.327078,electric_guitar,[gel][jaz_blu]0908__2.wav
-310.393280,93.619263,45.633728,33.192978,-3.985808,15.196864,-15.962759,2.575276,-7.469139,-4.049521,-11.219075,1.583479,1.544463,1742.546887,2355.765879,4004.927321,0.058466,0.063571,25.412912,electric_guitar,[gel][jaz_blu]0908__3.wav
-246.663467,98.957283,53.825424,31.746326,-0.996899,3.659498,-8.735763,7.692009,-4.305669,2.602944,-1.807675,-3.531115,-3.343600,1954.147443,2608.481352,4615.559270,0.053918,0.064507,22.473097,electric_guitar,[gel][jaz_blu]0911__1.wav
-115.709305,128.441711,-1.660704,14.843477,6.074160,8.585926,-3.916313,6.148505,-3.361987,1.487495,-0.395316,3.419541,-5.223532,1617.709193,2119.036889,3357.937387,0.066748,0.126251,22.758000,electric_guitar,[gel][jaz_blu]0927__1.wav
-120.381485,146.093933,-22.044744,15.533492,16.115356,8.716690,-5.935533,4.920651,-3.690994,1.646389,0.544705,7.320480,-2.515153,1454.354026,1788.910804,2788.218525,0.074872,0.129049,22.593339,electric_guitar,[gel][jaz_blu]0927__2.wav
-148.908829,149.957306,-9.591103,18.082121,16.374744,7.854673,-4.325977,8.727392,-3.540895,-1.024709,2.371319,5.141496,-1.528137,1338.557259,1812.425505,2661.669546,0.063315,0.116601,21.356706,electric_guitar,[gel][jaz_blu]0927__3.wav
-284.274017,207.051041,-43.534382,14.951433,18.093395,-14.124248,-4.703617,5.353598,0.459566,-9.349747,-9.341480,2.135921,-1.575613,1008.419236,1055.040552,1975.919847,0.067375,0.039053,22.214881,electric_guitar,[gel][jaz_blu]0990__1.wav
-288.688507,213.072891,-40.922394,20.536207,17.614809,-16.140074,-6.657444,0.016845,-3.414368,-8.694909,-10.306673,1.152373,-2.239844,942.840012,1028.277220,1899.808256,0.055409,0.044164,22.549552,electric_guitar,[gel][jaz_blu]0990__2.wav
-263.161469,206.287415,-48.795284,30.793539,9.294892,-17.463018,-3.940007,-2.904884,-4.943816,-7.977556,-11.189128,4.205543,-3.101808,1015.565085,1060.405812,2059.568059,0.061253,0.060417,23.710500,electric_guitar,[gel][jaz_blu]0990__3.wav
-412.160034,211.681213,-3.873561,12.301605,19.208084,-2.809334,-1.597832,1.921074,3.875057,0.492681,-1.782397,1.343550,0.604771,648.022807,864.752049,1117.159142,0.035731,0.025707,23.547889,electric_guitar,[gel][jaz_blu]0991__1.wav
-184.367783,122.197548,26.173553,24.663006,19.095373,-0.818485,-3.810079,2.714503,-3.053397,1.661232,-7.410449,-6.597845,-8.592246,1486.427131,2324.982696,3100.201510,0.040873,0.114221,22.492671,electric_guitar,[gel][jaz_blu]0992__1.wav
-311.148071,168.436859,10.946396,19.501844,22.521832,-3.545631,-13.301664,-12.678767,-9.325319,0.135235,-4.488202,-6.435073,-4.793543,887.166023,1337.224458,1417.795786,0.038837,0.081971,25.284770,electric_guitar,[gel][jaz_blu]0992__2.wav
-364.398193,176.851440,19.531988,5.351792,15.894756,-1.825243,-5.030642,-2.938017,-8.154491,-17.324289,-20.020597,-15.140696,-16.185032,550.105473,758.292984,870.769606,0.025958,0.100549,25.866541,electric_guitar,[gel][jaz_blu]0992__3.wav
-303.424164,174.829666,-14.519055,25.308681,7.468331,-5.192210,-21.209536,4.188807,-2.036624,0.812801,-7.761990,10.716384,1.027489,984.126230,1319.219873,1832.558406,0.047168,0.055976,23.427313,electric_guitar,[gel][jaz_blu]0993__1.wav
-283.503723,177.419983,-17.465992,25.011576,3.110977,-7.688017,-16.510096,1.155724,-1.921763,0.274324,-1.708251,16.094688,3.597933,946.096712,1220.304781,1755.038875,0.048047,0.072803,24.296479,electric_guitar,[gel][jaz_blu]0993__2.wav
-285.016602,177.446442,-24.215460,27.861517,4.081540,-2.958761,-21.461414,5.343478,-4.012838,0.106977,-6.975416,14.887370,2.213190,1003.868332,1260.283252,1897.986215,0.052115,0.055314,24.196056,electric_guitar,[gel][jaz_blu]0993__3.wav
-289.847473,161.347717,-16.666807,20.366476,10.702926,-6.577827,-10.898759,-3.168529,-5.859405,-13.992721,-11.481634,11.826553,-0.726562,1065.735809,1350.845844,1989.088229,0.051491,0.074524,24.351284,electric_guitar,[gel][jaz_blu]0994__1.wav
-318.607483,175.472214,-25.556561,13.301175,11.542979,-0.092475,-16.641720,7.242030,-4.636737,-1.896748,-16.148096,9.075647,-4.364222,1125.864263,1373.025899,2040.685096,0.066237,0.031932,23.339262,electric_guitar,[gel][jaz_blu]0994__2.wav
-283.426910,176.696701,-27.937473,28.348564,4.591389,-8.406114,-17.690855,1.102079,-6.229067,-3.686299,-13.879795,11.249488,-9.081220,1070.747546,1261.694373,1968.383226,0.059709,0.056805,24.838184,electric_guitar,[gel][jaz_blu]0994__3.wav
-327.993561,184.578690,-21.210426,21.545910,17.947956,-8.533154,-7.098580,0.327880,3.295097,-6.953658,-10.421278,0.661974,-3.740773,939.994387,1156.255322,1731.435171,0.049500,0.040687,24.366128,electric_guitar,[gel][jaz_blu]0995__1.wav
-327.335815,180.534256,-22.691481,20.135103,9.444201,-14.957117,-9.422750,-7.824096,-5.904364,-9.188829,-7.006057,8.587989,0.046808,1004.116270,1176.344920,1805.641902,0.055277,0.043298,24.529062,electric_guitar,[gel][jaz_blu]0995__2.wav
-274.041779,179.724991,-8.901155,12.535577,4.209556,-8.142892,-8.437453,-2.563453,1.093747,4.679714,-1.837616,3.575261,-2.035380,999.962004,1277.614666,1791.231220,0.051581,0.057414,23.102001,electric_guitar,[gel][jaz_blu]0996__1.wav
-259.431244,188.091309,-23.614395,23.070740,-0.849421,-8.705146,-10.613884,-1.584643,-7.273451,-1.654558,-11.032737,6.447583,-4.747375,1006.919707,1236.137152,1843.821928,0.051716,0.060524,23.487081,electric_guitar,[gel][jaz_blu]0996__2.wav
-93.961464,107.412880,13.483823,27.495552,-3.467424,4.236834,-4.503524,-1.893098,-4.100699,6.382601,-7.784514,-3.006898,-9.340534,1880.875623,2357.280112,4235.663875,0.074144,0.153103,25.355242,electric_guitar,[gel][jaz_blu]0997__1.wav
-97.172058,88.175453,14.145848,36.358238,2.119407,13.152021,1.235437,5.805871,-6.084371,1.807859,-4.578000,3.343181,-3.716353,2189.554290,2544.184600,4958.351300,0.083173,0.140618,24.858613,electric_guitar,[gel][jaz_blu]0997__2(1).wav
-97.172058,88.175453,14.145848,36.358238,2.119407,13.152021,1.235437,5.805871,-6.084371,1.807859,-4.578000,3.343181,-3.716353,2189.554290,2544.184600,4958.351300,0.083173,0.140618,24.858613,electric_guitar,[gel][jaz_blu]0997__2.wav
-108.462517,98.662933,14.484387,24.367987,9.730920,12.482653,-8.224379,-0.362864,-0.811022,1.799551,-9.987246,-3.670177,-6.695710,2020.659171,2507.844419,4608.105469,0.076679,0.136431,25.077618,electric_guitar,[gel][jaz_blu]0997__3.wav
-324.667633,192.957504,-6.643993,19.441383,11.646999,3.002242,-12.664577,5.147826,3.782500,8.814428,-2.839561,1.234847,-5.667841,790.315450,1112.382888,1366.447378,0.044881,0.053785,24.352982,electric_guitar,[gel][jaz_blu]0998__1.wav
-328.566101,188.518875,2.235136,16.341099,12.347862,-0.594456,-8.924936,1.525659,3.184339,2.246454,2.071030,10.638803,5.765997,761.564325,1116.233362,1245.695801,0.041556,0.056377,23.648547,electric_guitar,[gel][jaz_blu]0998__2.wav
-331.864990,182.770401,-7.518143,23.364733,10.579231,0.860673,-14.047003,1.334750,-2.860259,7.774076,-1.690786,4.006856,-1.904885,862.832913,1235.020143,1534.323543,0.042661,0.043170,23.863024,electric_guitar,[gel][jaz_blu]0998__3.wav
-323.052856,184.438400,-19.437452,27.144461,7.994696,-8.426956,-11.162741,-6.713992,-6.027594,-2.903638,-3.118332,7.502803,-2.681873,941.356810,1171.332316,1734.747972,0.048843,0.044188,24.264011,electric_guitar,[gel][jaz_blu]0999__1.wav
-341.581177,162.011627,-5.533983,35.267376,2.761245,-3.665782,-5.405613,1.299811,0.526634,-0.503994,-3.849501,10.172669,0.743044,1011.435396,1388.114055,1932.604980,0.044126,0.042773,24.134230,electric_guitar,[gel][jaz_blu]0999__2.wav
-339.121490,186.173615,-9.364925,18.890017,8.154167,-8.737115,-12.159168,-2.419032,-3.913045,1.974280,-2.861908,4.430219,-2.079254,878.853731,1152.967521,1529.437162,0.047728,0.040514,23.426552,electric_guitar,[gel][jaz_blu]0999__3.wav
-241.002701,135.055679,45.635681,34.121040,6.908462,7.736816,1.268262,3.787857,-12.971656,4.266098,-4.297705,-5.015064,-12.385455,984.311612,1716.141861,1576.644569,0.035599,0.158195,26.238252,electric_guitar,[gel][jaz_blu]1000__1.wav
-272.362457,135.712433,59.749538,29.783587,4.037994,11.717114,2.284731,9.145397,-8.599213,3.502748,-7.652113,-6.249686,-10.073376,1045.594284,1942.175359,1715.699369,0.028407,0.098268,23.429581,electric_guitar,[gel][jaz_blu]1000__2.wav
-262.359009,158.280716,51.756737,31.549006,9.593078,12.697809,3.952249,6.377931,-6.440353,3.080860,-8.027406,-3.664279,-7.395999,766.624652,1519.771040,1099.352840,0.023685,0.131467,23.143945,electric_guitar,[gel][jaz_blu]1000__3.wav
-308.571381,164.419434,-9.125093,25.901348,11.064874,-8.096350,-3.736926,-2.310006,2.848228,-5.328897,-3.167803,8.409091,3.526641,1023.074046,1288.873889,2000.600210,0.046706,0.049161,23.277319,electric_guitar,[gel][jaz_blu]1001__1.wav
-328.939972,180.279678,3.396688,12.970250,10.119584,-3.675401,-8.338892,-8.322540,-0.965674,-4.011544,0.309861,11.467351,7.343386,827.678610,1135.929605,1403.799204,0.041256,0.059351,22.878944,electric_guitar,[gel][jaz_blu]1001__2.wav
-314.860046,188.085846,-22.559734,28.286531,-0.647624,-2.086742,-6.399157,1.502140,-3.289506,-5.018530,-7.194037,10.192385,2.744386,986.236590,1202.118580,1830.405086,0.053275,0.040297,23.720628,electric_guitar,[gel][jaz_blu]1001__3.wav
-376.928558,196.459015,16.087299,17.422873,21.254570,-4.374266,-5.998837,-2.817568,-4.734636,-5.113355,-2.821018,7.078383,3.685682,633.773547,948.878490,937.936636,0.033447,0.051711,23.106782,electric_guitar,[gel][jaz_blu]1002__2.wav
-247.135391,118.180016,45.030487,30.476416,-2.398548,8.496268,1.141380,4.363952,-7.894832,8.912896,4.733789,3.456092,-5.571463,1417.309113,2282.568756,3278.430176,0.035870,0.070342,23.816222,electric_guitar,[gel][jaz_blu]1003__1.wav
-219.203934,122.378258,34.123611,23.807888,-3.048087,11.293181,0.496296,4.058422,-10.678719,3.600717,1.032219,1.129969,-4.563358,1503.954844,2292.798847,3416.988056,0.040997,0.064461,22.673184,electric_guitar,[gel][jaz_blu]1003__2.wav
-214.383926,124.239571,31.990091,26.306580,0.479242,6.814886,-6.258042,-1.959232,-13.026124,5.792844,4.487071,5.372864,2.149692,1413.680048,2184.325520,3028.893480,0.043134,0.083530,23.318713,electric_guitar,[gel][jaz_blu]1003__3.wav
-241.694855,153.385330,54.089455,33.735493,14.330646,9.717037,0.063838,0.064504,-5.675284,-3.210021,-7.550895,-6.300988,-10.252717,819.394178,1605.970799,1273.523325,0.025808,0.156998,22.969900,electric_guitar,[gel][jaz_blu]1004__1.wav
-240.059586,149.747421,50.923740,33.137184,12.151242,10.066081,0.463403,1.813146,-4.903824,-3.976052,-10.781507,-9.318485,-13.845451,872.088642,1652.134879,1383.508301,0.027051,0.159560,23.555429,electric_guitar,[gel][jaz_blu]1004__2.wav
-145.603851,93.238953,26.150299,17.640448,33.235802,15.276052,-19.351048,10.075047,-14.095267,1.192769,-6.920405,5.523568,-2.850435,2050.699914,2692.703179,5193.228854,0.060630,0.141324,24.966373,electric_guitar,[gel][jaz_blu]1005__1.wav
-174.946930,78.569321,41.622437,14.501785,32.133286,26.416376,-12.387736,6.914394,-17.051552,1.020855,-11.756269,0.228270,-4.461908,2432.744915,2973.955875,6228.810284,0.076615,0.115255,25.363686,electric_guitar,[gel][jaz_blu]1005__2.wav
-161.437164,85.754402,36.391300,19.209860,28.493027,18.403969,-17.881098,8.009002,-12.663114,2.574246,0.140395,14.693128,2.640193,2216.136725,2780.321297,5549.603365,0.068547,0.129825,25.087816,electric_guitar,[gel][jaz_blu]1005__3.wav
-196.020065,72.968391,50.434231,27.224966,14.898763,7.131149,-0.525191,-2.900976,-10.192096,4.818212,-5.274691,-2.106989,-3.801704,2689.304291,3209.671021,7071.752366,0.079594,0.080274,21.493978,electric_guitar,[gel][jaz_blu]1006__1.wav
-179.512039,69.750244,46.382858,28.683432,12.916310,4.059082,0.013524,-0.173303,-11.434152,7.658030,-0.659613,2.945717,-4.423420,2844.056721,3177.551417,7014.275278,0.097202,0.081894,21.635575,electric_guitar,[gel][jaz_blu]1006__2.wav
-213.452942,68.341583,21.094599,17.404480,8.614210,30.059507,-1.750039,3.037660,-13.169213,12.694143,5.367092,12.657772,-11.514091,2462.534559,2762.938884,5910.201698,0.080352,0.088830,25.085474,electric_guitar,[gel][jaz_blu]1007__1.wav
-195.455078,74.084648,7.735177,16.873428,10.707531,29.923035,-0.832008,9.171285,-5.526845,12.655263,-2.278934,5.622037,-9.858974,2397.938528,2657.368200,5552.005146,0.080826,0.082520,24.304399,electric_guitar,[gel][jaz_blu]1007__2.wav
-195.666397,153.650314,-24.125740,52.291752,-3.593398,12.343772,-3.806462,-1.092434,-1.771630,-0.879928,-3.003947,-6.982734,-3.319745,1154.420324,1493.870952,2490.563401,0.042638,0.114150,23.984945,electric_guitar,[gel][jaz_blu]1008__1.wav
-205.116257,153.503052,-29.011484,47.295044,-2.145377,12.435209,-9.866213,-8.809346,-10.934565,-5.726732,-2.437423,1.207270,5.927713,1158.485716,1411.167265,2259.909668,0.050154,0.116867,24.546976,electric_guitar,[gel][jaz_blu]1008__2.wav
-202.747391,145.982788,-27.375311,55.021851,-1.492841,20.745951,-2.040238,-2.032751,-6.154915,-4.781893,-2.179430,-3.003759,-0.814573,1201.289534,1530.728018,2622.081581,0.040798,0.127219,23.673672,electric_guitar,[gel][jaz_blu]1008__3.wav
-186.399902,158.472595,-4.093465,35.506084,-21.785370,-16.553490,-12.713448,6.012717,-4.889532,-7.022430,-9.761075,-1.400239,-13.551277,1083.675636,1436.426755,2048.470177,0.054323,0.147561,25.589775,electric_guitar,[gel][jaz_blu]1009__1.wav
-213.529419,152.504532,6.192884,36.369019,-18.692701,-2.666828,-7.446393,-1.478961,-12.973977,-8.274660,-17.227850,5.302125,3.951072,1102.140850,1554.324408,2073.813101,0.049061,0.126973,25.108989,electric_guitar,[gel][jaz_blu]1009__2.wav
-190.500900,163.005493,-4.816615,31.092926,-20.047186,-9.331734,-9.335805,0.106011,-9.801609,-6.567293,-13.048415,3.327553,-4.100947,1070.589076,1423.641693,2001.428410,0.053377,0.137139,25.431220,electric_guitar,[gel][jaz_blu]1009__3.wav
-97.272804,89.989487,-9.773217,19.999561,-12.320971,11.336657,9.256396,22.161884,12.973434,8.993173,-6.020521,-4.918886,-3.049902,2330.552246,2455.185992,5006.883827,0.104436,0.100955,20.578669,electric_guitar,[gel][jaz_blu]1010__1.wav
-90.607208,94.875313,-8.741570,25.532167,-15.458481,8.297932,8.097645,14.243049,3.060900,5.028383,-3.459191,2.489856,2.798422,2272.596540,2402.519813,4858.718825,0.103193,0.100947,20.864023,electric_guitar,[gel][jaz_blu]1010__2.wav
-84.873993,83.630318,-15.629956,27.377119,-12.100195,15.890245,11.262616,13.283010,0.074863,2.382300,-0.636896,6.017392,2.459697,2487.609152,2415.788909,5130.451285,0.129586,0.101769,21.406018,electric_guitar,[gel][jaz_blu]1010__3.wav
-262.901031,141.909439,-20.914835,37.012539,1.384590,1.261296,-7.643683,-7.606203,-9.384527,-0.633705,-7.558028,-2.140792,-3.822246,1185.025275,1454.941753,2241.937725,0.048922,0.074976,25.751388,electric_guitar,[gel][jaz_blu]1011__2.wav
-267.882599,151.153793,-19.277649,38.003422,3.493003,7.194054,-2.399969,-11.163273,-9.046732,-3.990222,-10.120910,-11.055247,-13.246317,1140.428946,1406.925463,2176.509916,0.046999,0.069962,25.831789,electric_guitar,[gel][jaz_blu]1011__3.wav
-374.523285,165.469940,33.064392,34.986729,13.081618,-4.701877,0.584777,-4.435812,-2.461307,-1.758712,-8.306570,-3.092214,1.924788,687.849741,1232.405935,869.692946,0.031197,0.063781,25.823450,electric_guitar,[gel][jaz_blu]1012__1.wav
-369.129730,171.884933,29.518713,43.086899,14.374269,-0.817249,-0.557484,-7.021878,-4.431329,1.674879,-12.238164,-11.838160,-8.779702,643.183137,1124.461506,770.557392,0.030822,0.067638,26.586263,electric_guitar,[gel][jaz_blu]1012__2.wav
-177.487106,143.609253,-16.871943,18.570082,12.211356,17.570526,3.428251,25.578564,-1.394751,-5.383660,5.304374,-23.741112,12.452839,1444.429775,1766.114832,2542.988469,0.087278,0.122443,26.988980,electric_guitar,[gel][jaz_blu]1013__1.wav
-179.384171,163.727722,-35.030697,9.839844,-1.902952,7.020892,3.089510,4.759132,-3.735668,-8.141179,-18.047905,-3.469537,-2.452514,1301.381989,1503.024208,2292.789213,0.077907,0.106854,25.980803,electric_guitar,[gel][jaz_blu]1013__2.wav
-145.946350,175.207062,-37.059242,8.228781,2.489313,15.113901,-1.120063,9.450344,3.358807,0.621401,-5.915909,-3.310070,-3.843436,1248.618175,1368.911894,2128.557129,0.081509,0.136835,24.879618,electric_guitar,[gel][jaz_blu]1013__3.wav
-22.952084,104.219002,-18.662676,42.755711,7.582163,14.893652,4.804903,9.557477,0.440276,4.035373,-0.577206,0.808273,-2.028709,1959.823237,2155.439645,4049.153208,0.086497,0.233844,22.256779,electric_guitar,[gel][jaz_blu]1014__1.wav
-21.166775,103.899818,-14.415865,41.153042,7.818069,16.442690,6.029552,10.755137,-1.083237,5.336225,-2.884835,-0.560393,-1.918492,1982.013991,2203.827282,4191.437988,0.083012,0.240063,21.833920,electric_guitar,[gel][jaz_blu]1014__2.wav
-17.403818,97.649277,-6.968111,36.967033,0.454492,9.571532,-1.242789,10.388534,5.310185,12.655486,2.109956,5.587015,2.917633,2161.855043,2333.713419,4624.835111,0.097536,0.234983,22.027951,electric_guitar,[gel][jaz_blu]1014__3.wav
-153.057419,119.703804,-31.750946,30.746822,-8.485330,-20.864578,-11.340330,-7.240149,-10.924588,-0.785801,-19.308661,-12.044883,-12.132830,1593.788678,1738.891782,3114.943472,0.081513,0.100553,26.763407,electric_guitar,[gel][jaz_blu]1015__1.wav
-103.888916,100.501938,-17.522785,29.838747,-9.014452,-16.429913,-9.053151,-5.651845,-13.468980,0.232090,-12.595556,-5.945625,-0.878817,2055.425147,2158.433488,4263.160119,0.090974,0.145737,24.464836,electric_guitar,[gel][jaz_blu]1015__2.wav
-62.709358,90.842606,11.023040,26.930403,1.855192,0.375660,-6.508050,1.705660,-1.511297,6.669200,-5.945848,-0.350266,-3.191914,2395.737836,2684.256668,5459.329552,0.093836,0.153733,21.258338,electric_guitar,[gel][jaz_blu]1015__3.wav
-131.031708,114.905106,7.710057,5.493343,8.965796,1.612147,-2.943588,2.446403,-11.050249,5.549097,-11.356100,-2.516765,-11.006435,1950.101132,2495.797941,4390.785757,0.078057,0.089704,21.541494,electric_guitar,[gel][jaz_blu]1029__1.wav
-113.528038,109.938927,-4.962830,10.539760,3.729883,-4.851087,-6.789776,-4.558170,-10.856650,7.165224,-7.130898,5.192006,-4.260502,1960.078737,2326.491707,4030.932805,0.083782,0.116982,22.481198,electric_guitar,[gel][jaz_blu]1029__2.wav
-104.551613,98.103668,9.221120,15.902103,-3.396625,6.686041,-2.580246,-2.658291,-9.607697,-3.998916,-7.840826,-4.765438,-5.801744,1951.322513,2467.161965,4557.668081,0.055953,0.165270,23.267653,electric_guitar,[gel][jaz_blu]1030__1.wav
-109.838791,90.502228,5.268124,18.637886,-0.890352,6.511868,-3.868203,2.353426,-7.269350,-4.304660,-3.014339,7.489249,6.358809,2195.942810,2570.712379,5081.090557,0.074076,0.124608,22.606263,electric_guitar,[gel][jaz_blu]1030__2.wav
-107.596550,93.569878,8.087393,16.016914,-4.072114,3.330711,-5.937379,1.324961,-5.075700,1.381211,-0.312815,9.858783,6.695384,2164.856138,2575.764401,5052.020733,0.072435,0.127072,22.352907,electric_guitar,[gel][jaz_blu]1030__3.wav
-223.263748,123.483185,-6.442138,49.092339,8.865684,25.806021,5.211206,5.502297,-1.918252,2.940446,-8.867370,5.034657,-3.958534,1315.071863,1770.002134,2833.106971,0.053523,0.086566,27.534499,violin,001__[vio][nod][cou_fol]2194__1.wav
-208.833801,124.219170,-1.246914,39.715199,0.288345,20.767931,1.562206,5.141138,-4.131968,0.261654,-7.726092,3.118243,-11.765637,1346.854395,1796.121735,2944.085787,0.049906,0.105058,28.334470,violin,001__[vio][nod][cou_fol]2194__2.wav
-226.160355,124.225601,-7.669666,37.980095,-1.466963,16.126627,8.550283,3.286246,-7.507156,2.383676,-9.968864,-2.424331,-7.148502,1334.251145,1741.389373,2819.358849,0.058631,0.091541,28.392956,violin,001__[vio][nod][cou_fol]2194__3.wav
-368.725128,110.890717,-20.036032,39.993790,-0.543991,9.765553,-8.783301,6.705203,0.969409,13.671741,10.938698,7.189287,-1.557176,1791.102345,1837.696690,3463.284443,0.111899,0.016467,26.428111,violin,007__[vio][nod][cla]2103__2.wav
-311.948700,148.346130,-20.769854,43.188229,2.388618,12.998917,-6.180893,7.980405,-0.290416,5.632274,1.481576,5.573404,2.530814,1301.986528,1603.400177,2625.228741,0.065069,0.026574,25.890166,violin,007__[vio][nod][cla]2103__3.wav
-250.227875,110.981575,-12.993256,26.437805,-5.087072,-6.134016,-17.405088,-8.236949,-7.685266,-4.960739,-13.451044,3.798984,-5.808809,1737.938377,2004.788355,3384.771071,0.080533,0.039339,25.929857,violin,009__[vio][nod][cla]2178__1.wav
-232.994537,98.506821,-17.423311,18.602713,-13.773218,-11.464750,-20.401213,-6.480704,-3.681020,-1.853774,-12.063891,-6.749405,-20.288980,2020.793177,2100.631024,3898.669246,0.116410,0.039325,26.531795,violin,009__[vio][nod][cla]2178__2.wav
-248.920456,92.439667,-17.164728,20.301920,-12.064898,-10.500858,-12.785333,-1.076684,-6.260458,-10.743030,-23.304293,-9.450988,-16.396864,2110.979951,2142.422458,4012.878042,0.131626,0.037229,27.701464,violin,009__[vio][nod][cla]2178__3.wav
-394.271942,149.119232,-12.780133,39.083031,5.728383,6.287459,-9.465545,-4.322134,0.800708,0.723800,-19.035515,10.623789,1.441008,1524.072396,1840.618531,3243.480131,0.090651,0.011753,27.071472,violin,012__[vio][nod][cla]2163__3.wav
-377.952332,121.774536,-28.991470,42.736240,0.155319,-4.673102,-4.658663,-3.088760,0.695874,7.523252,-5.114672,-7.553175,-13.154693,1437.142394,1578.787788,2757.409480,0.059075,0.024120,26.607637,violin,013__[vio][nod][cla]2162__1.wav
-255.598801,135.565811,-35.696987,40.595371,-11.570173,1.515926,-7.394722,-7.248419,-4.138078,0.574158,-16.126360,-4.853566,-1.306710,1512.105538,1613.205541,3079.744967,0.065937,0.042727,25.137887,violin,013__[vio][nod][cla]2162__2.wav
-277.557159,140.714386,-31.536234,38.068893,-13.492246,-3.348922,-10.297726,-8.067834,-6.998536,-0.517217,-11.269539,-12.485597,-12.732968,1414.760967,1509.203902,2707.965933,0.063559,0.045774,25.427519,violin,013__[vio][nod][cla]2162__3.wav
-174.722214,105.851013,-18.303772,32.517292,-8.198589,2.444249,-13.055714,-3.945572,-12.286517,-10.188142,-7.202105,7.402211,1.507775,1894.868718,2018.232781,3789.678110,0.096049,0.070833,24.634270,violin,017__[vio][nod][cla]2153__1.wav
-174.897980,109.900864,-13.520199,30.459068,-7.496574,2.474906,-14.477263,-3.118397,-5.466103,-8.377735,-12.389627,1.424446,-0.363275,1815.947169,2066.372546,3804.585712,0.079902,0.072931,24.011403,violin,017__[vio][nod][cla]2153__2.wav
-125.158600,96.811821,-11.334128,29.228977,-5.905268,5.105144,-9.580844,1.246319,-2.120044,-2.019952,-1.608558,9.223514,0.083550,2138.021376,2237.833307,4450.084886,0.121533,0.090356,24.792084,violin,017__[vio][nod][cla]2153__3.wav
-319.285004,86.445297,-18.112169,18.774725,-5.150153,4.629477,-6.864643,4.122270,-7.617256,3.230309,-2.512749,8.489107,0.598217,2457.502900,2108.422028,4589.802246,0.167338,0.025846,28.047511,violin,018__[vio][nod][cla]2160__1.wav
-280.438141,104.739838,-44.789154,20.949532,-13.150737,-1.967980,-6.511559,-5.079275,-12.329787,4.316997,-2.593352,0.257378,-1.447165,1953.136733,1728.776785,3514.301570,0.113758,0.046287,25.719123,violin,018__[vio][nod][cla]2160__2.wav
-332.944397,87.035484,-14.211015,14.658586,-2.622957,-1.299664,-0.567029,10.767112,1.418010,4.124732,-11.830906,-8.396423,5.933501,2022.985678,1973.859422,3712.158579,0.106201,0.043915,26.537716,violin,018__[vio][nod][cla]2160__3.wav
-152.596786,53.519009,-76.490486,-5.238134,-20.481476,-31.829966,-40.746567,-14.007400,-18.069464,-18.823265,2.218168,7.023190,14.247898,2278.584926,2005.363292,3887.819824,0.118265,0.113216,24.392766,violin,023__[vio][nod][cou_fol]2191__1.wav
-165.040176,58.282429,-72.273323,-6.289771,-18.417759,-34.012875,-42.353569,-16.224947,-17.777565,-18.068693,3.755648,6.641559,12.012815,2182.783567,2014.804254,3688.306415,0.107993,0.109101,23.951777,violin,023__[vio][nod][cou_fol]2191__2.wav
-144.366867,56.906555,-74.123199,-5.017095,-19.006460,-30.319595,-43.904381,-13.218636,-18.593531,-21.682226,-0.594914,0.812292,9.355711,2254.389787,1993.802363,3847.652118,0.119595,0.122295,24.308613,violin,023__[vio][nod][cou_fol]2191__3.wav
-283.862061,114.910347,-24.701754,50.809937,-2.009198,2.887748,0.181861,0.310073,-5.518537,2.726883,-10.251218,-3.301217,-10.029708,1765.671212,1853.167186,3456.327562,0.094171,0.027676,25.879857,violin,026__[vio][nod][cla]2148__1.wav
-305.429993,165.720703,-14.351099,37.800304,3.057882,-0.407496,-1.984578,-8.113877,-7.101700,-1.688820,-9.743533,-2.892860,-7.399823,1054.869578,1381.529079,1937.822641,0.049076,0.040649,24.888226,violin,026__[vio][nod][cla]2148__2.wav
-257.990479,128.192276,-16.717621,36.685669,-5.113276,-4.089911,-4.928911,-9.721674,-13.582655,4.260741,-7.818033,-5.393806,-13.293827,1646.583070,1822.059529,3252.341872,0.088371,0.041403,26.620356,violin,026__[vio][nod][cla]2148__3.wav
-418.608276,152.256454,-34.934238,48.720539,-9.413857,5.196659,-1.710427,-4.123849,-1.881837,-6.060179,-10.796012,2.362136,0.695135,1338.730445,1490.226867,2746.228779,0.073114,0.008526,25.547048,violin,040__[vio][nod][cla]2182__1.wav
-443.250000,131.238708,-25.447475,30.543634,-9.209808,1.281015,-5.346013,3.367445,-1.716689,-12.293260,-14.285513,9.790995,22.682251,1533.091156,1680.804263,3021.936599,0.101743,0.006791,26.470942,violin,040__[vio][nod][cla]2182__2.wav
-441.005585,116.716454,-6.154359,42.526878,-2.269650,8.553223,-2.081752,-2.773630,-0.459910,9.601796,12.663797,10.853530,-6.741691,1606.145027,1772.017635,3231.222769,0.098261,0.013151,26.643195,violin,040__[vio][nod][cla]2182__3.wav
-251.954697,156.609482,-39.732433,28.186741,-10.850475,-10.883006,-6.171148,-5.602768,-2.043871,-19.797022,-14.053135,-30.792683,-8.985213,1327.953860,1441.521533,2655.375225,0.092559,0.075730,29.404855,violin,042__[vio][nod][cla]1687__1.wav
-222.290359,163.844772,-38.714378,28.026596,-8.716326,-9.835906,5.516647,-4.025119,-2.226785,-19.666765,-0.624520,-8.228738,0.095413,1276.818656,1346.275945,2351.508601,0.095527,0.093688,28.863156,violin,042__[vio][nod][cla]1687__2.wav
-247.512390,143.883301,-71.485329,5.412643,-18.766027,-16.068096,-12.774797,-4.914032,1.147197,-0.084898,12.459074,-6.356238,-8.134118,1442.082263,1287.640708,2449.070575,0.098077,0.064562,27.629868,violin,042__[vio][nod][cla]1687__3.wav
-278.580109,152.590652,-35.316036,37.982658,0.190046,0.911524,-0.448433,1.262478,-4.179141,2.450202,0.138850,6.980410,2.216187,1317.381280,1424.594064,2545.224609,0.076465,0.048987,25.384420,violin,044__[vio][nod][cla]2186__1.wav
-230.696259,160.934631,-36.561646,39.283535,0.753873,7.110166,1.141352,1.639356,-5.887190,1.708432,-5.825821,2.871112,3.524305,1255.265539,1421.143341,2431.678373,0.069325,0.059630,24.826559,violin,044__[vio][nod][cla]2186__2.wav
-405.250549,67.981483,-35.271702,14.757820,0.243279,19.260817,31.496479,26.665918,-3.357286,-1.216990,6.647702,21.608778,-5.961270,2298.063644,1901.713365,3898.420786,0.147202,0.025098,28.709598,violin,044__[vio][nod][cla]2186__3.wav
-337.263550,74.938744,-48.122505,14.951999,-16.670559,-19.868238,-25.009436,2.701417,-8.183455,-9.404742,-20.479031,5.068964,19.250124,2076.255102,1891.642092,3702.385817,0.121319,0.020105,28.196978,violin,045__[vio][nod][cla]2173__1.wav
-342.426636,70.087997,-53.219471,14.219025,-22.129440,-27.262520,-29.078613,-1.355930,0.850568,4.595971,-12.849098,0.953221,5.224433,2133.409423,1868.233305,3720.357760,0.127802,0.023815,29.564196,violin,045__[vio][nod][cla]2173__2.wav
-292.160370,73.275589,-50.592098,10.978587,-18.601278,-19.507345,-24.163008,5.642434,-4.365609,-0.766608,1.579205,27.146803,15.944644,2301.566811,1938.340352,3903.141526,0.159995,0.028894,27.911949,violin,045__[vio][nod][cla]2173__3.wav
-400.618927,133.864532,-10.972524,49.721306,-8.441381,-7.739554,-5.535583,2.356538,-10.852376,-20.332567,-17.266207,-0.450889,4.153337,1434.256673,1652.567889,2877.995418,0.087609,0.014641,25.469098,violin,050__[vio][nod][cla]2155__2.wav
-310.504639,160.707275,-33.296173,59.369026,1.048501,-14.153609,-2.797150,-4.159161,-7.229645,-11.960755,-9.064065,-11.156558,-5.528116,1208.849709,1359.595239,2528.991887,0.069137,0.040684,25.313182,violin,050__[vio][nod][cla]2155__3.wav
-244.088608,126.059402,-5.257626,31.989693,-5.034503,2.452066,-7.873635,3.635113,-1.461232,1.593409,-8.683859,-1.385242,-4.157711,1626.741324,1895.755028,3291.432918,0.070068,0.048579,23.667493,violin,058__[vio][nod][cla]2174__1.wav
-286.591187,87.974854,-35.567516,12.937041,-12.570497,-4.754111,-4.041961,10.646166,-1.102859,-1.392242,-7.576424,4.765193,5.272480,2280.579081,2071.462614,4179.511907,0.136373,0.021662,24.220150,violin,058__[vio][nod][cla]2174__2.wav
-293.027039,114.138359,-38.762764,9.276473,-13.553143,-4.287720,-6.238998,0.509863,-5.458604,-0.309377,0.435765,7.066387,3.314041,1999.019847,1917.872866,3662.549392,0.130514,0.019888,24.043650,violin,058__[vio][nod][cla]2174__3.wav
-94.128555,82.370811,3.956550,47.315796,4.486494,13.861394,5.627735,0.815238,-5.671609,-7.036295,-14.180560,-1.862659,-0.882415,2239.702607,2417.400740,4891.267090,0.099196,0.200133,27.104621,violin,064__[vio][nod][cou_fol]2187__1.wav
-432.920197,92.803696,-52.968548,23.783054,-10.118201,-16.104162,-2.293991,0.604076,-9.084810,-9.769946,-19.194771,-5.909877,4.192091,1511.804936,1574.914256,2857.704515,0.069963,0.017975,29.091181,violin,074__[vio][nod][cla]2159__1.wav
-368.035034,29.981604,-48.653618,12.885792,-24.346653,-7.789069,-2.295422,11.477097,0.262371,3.527944,-1.416609,20.883446,26.547537,2488.897590,1903.455812,4179.180627,0.148193,0.032683,29.032044,violin,074__[vio][nod][cla]2159__2.wav
-434.873627,50.629086,-44.009792,-5.408082,-0.039962,12.328874,13.791368,-4.725009,-24.945129,-5.094902,26.644064,36.557858,11.195680,2460.480216,2227.949776,4663.843337,0.134063,0.020929,29.923973,violin,074__[vio][nod][cla]2159__3.wav
-250.437836,145.362000,-26.574888,35.236164,3.401829,-4.178926,-6.932455,-0.660287,-8.519402,-4.868840,-0.210915,1.955885,-4.880202,1380.970757,1614.008916,2653.718825,0.072867,0.046454,24.495218,violin,077__[vio][nod][cla]2166__1.wav
-219.713364,131.451202,-19.184698,33.772915,2.035062,2.074909,-4.009703,-1.604103,-7.647058,1.077597,-4.754044,1.319738,-5.298574,1598.973702,1855.563416,3184.181002,0.088236,0.050522,24.270089,violin,077__[vio][nod][cla]2166__2.wav
-212.367340,150.023926,-26.903372,24.544468,-3.137604,0.945662,-9.149970,-6.327702,-14.221269,-9.205949,-8.142037,2.561507,-7.868757,1426.107106,1645.371315,2766.354041,0.080022,0.055754,22.375996,violin,077__[vio][nod][cla]2166__3.wav
-221.808624,142.219147,-20.673944,28.973383,-7.598168,-5.926736,-8.161808,2.565322,-6.068893,-7.952653,1.517451,10.791649,-1.329140,1371.071843,1653.139002,2619.514160,0.069798,0.061440,24.310791,violin,082__[vio][nod][cla]2165__1.wav
-222.597565,112.397385,-8.131557,33.265045,4.098503,5.886871,-1.342198,5.672424,2.654616,2.072366,-10.133946,4.063605,3.914529,1930.771016,2122.982718,3919.705529,0.119790,0.047881,25.503064,violin,082__[vio][nod][cla]2165__2.wav
-200.509338,126.229073,-21.491629,33.698399,1.281859,1.591957,-2.180076,4.589987,-1.014188,2.388230,0.697593,5.280445,-6.261847,1601.798775,1837.014453,3124.136493,0.084747,0.071262,25.123905,violin,082__[vio][nod][cla]2165__3.wav
-407.558685,48.522770,-27.763727,24.773291,-12.021265,2.223430,14.327617,19.487062,5.844854,1.420223,-6.780795,12.547282,19.580816,2750.400461,2129.264162,4619.534630,0.183905,0.010208,26.306107,violin,084__[vio][nod][cla]2149__1.wav
-256.535614,90.068420,-27.825111,27.240520,-16.403908,2.468639,-7.945683,-3.541371,-11.075141,-0.687935,-15.601910,-4.339397,-11.660026,2423.175936,2135.718677,4474.765249,0.174850,0.035135,28.486187,violin,084__[vio][nod][cla]2149__2.wav
-268.176025,92.357529,-14.496364,33.111866,-8.462309,5.454769,-2.507718,4.850568,-11.013836,-3.006063,-12.554612,2.050688,0.918895,2313.222236,2177.278663,4512.199895,0.151893,0.031398,28.103778,violin,084__[vio][nod][cla]2149__3.wav
-289.383362,100.799446,-12.815721,34.386292,-6.696480,4.261028,-3.815163,11.948595,2.253928,0.517491,-1.279945,0.147059,3.630986,2079.563917,2022.598986,4111.185397,0.111546,0.034976,26.430628,violin,093__[vio][nod][cla]2180__1.wav
-231.496048,123.740280,-36.125828,31.700954,-15.965650,-4.390465,-6.121405,1.007938,-3.819278,-0.828930,-3.106868,1.835662,-4.114075,1763.143419,1719.924309,3363.983248,0.097104,0.047266,25.078109,violin,093__[vio][nod][cla]2180__2.wav
-276.758667,129.367249,-34.499294,37.690254,-16.666307,-6.490318,-4.281906,3.532426,-0.217057,4.247417,-8.911236,-4.439713,3.701535,1639.511646,1678.174134,3249.608812,0.083725,0.033182,24.920049,violin,093__[vio][nod][cla]2180__3.wav
-80.630859,98.945923,-13.939703,36.858303,3.117155,9.381504,-6.949132,4.336586,2.970647,10.183833,3.609708,3.469679,-11.003726,2029.799724,2195.545929,4233.262094,0.095662,0.133918,24.511398,violin,094__[vio][nod][cou_fol]2192__1.wav
-87.017426,92.857178,-7.526758,36.701412,5.364920,16.807800,8.497959,17.049650,-0.745383,-11.027524,-14.887186,4.813153,6.554827,2120.114845,2277.347846,4398.653658,0.110149,0.145588,24.781198,violin,094__[vio][nod][cou_fol]2192__2.wav
-91.870331,98.141571,-10.979676,38.155910,4.653123,10.398257,-3.626110,8.097396,6.799757,13.654618,-1.409393,-4.540466,-11.497940,1991.271277,2203.998854,4165.018404,0.090614,0.131830,24.798013,violin,094__[vio][nod][cou_fol]2192__3.wav
-379.334229,147.512894,-25.940275,52.154011,-1.720812,-1.760054,-8.793638,-9.631439,-1.311753,-0.092614,-13.246295,0.975686,1.230880,1007.201589,1323.409209,2009.544772,0.041710,0.031435,28.628110,violin,099__[vio][nod][cla]2172__1.wav
-313.440735,139.578278,-32.532764,44.999088,-5.711599,-4.676532,-10.146986,-0.023439,-8.553108,-1.663841,-17.348042,7.823059,-1.810749,1336.734592,1511.436896,2647.176044,0.062230,0.032424,28.314923,violin,099__[vio][nod][cla]2172__2.wav
-326.712921,135.253036,-41.840767,43.726818,-5.182605,-6.629939,-17.149698,-4.721406,-4.386781,1.813753,-20.756029,-1.766419,-9.709169,1558.201987,1593.393790,3040.488281,0.089757,0.018516,26.006376,violin,099__[vio][nod][cla]2172__3.wav
-514.862305,150.974518,8.330304,45.475075,7.400122,14.729902,2.085869,0.617768,2.504670,-1.979033,-5.766023,-0.476392,1.788105,910.540877,1370.540606,1626.253756,0.048652,0.008270,26.045450,violin,100__[vio][nod][cla]2183__1.wav
-565.729248,167.448395,13.303884,38.506721,7.443747,14.027148,4.661268,-12.793816,-11.850754,-3.574332,-2.979504,13.108307,9.918959,756.714403,1236.758636,1184.657452,0.041241,0.005469,25.903184,violin,100__[vio][nod][cla]2183__2.wav
-523.108032,122.440834,-19.099089,44.315090,-2.505405,7.235039,1.084507,-2.990109,3.049252,1.450247,-1.960110,6.813104,1.804874,1361.054518,1611.188613,2766.685322,0.077291,0.005241,26.928104,violin,100__[vio][nod][cla]2183__3.wav
-280.950226,119.285126,-1.294586,21.263889,-10.547153,-3.660689,-3.445138,6.839324,-7.923261,-5.749634,-10.181669,4.949597,-3.267307,1802.352103,1975.088105,3445.726600,0.104778,0.036104,26.603668,violin,103__[vio][nod][cla]2175__1.wav
-324.027222,167.149597,15.198616,23.579554,1.036978,3.805975,3.383274,7.435720,-0.106970,7.033250,-5.543861,3.381580,-2.852314,966.588621,1492.385222,1771.520057,0.045072,0.034769,24.209301,violin,103__[vio][nod][cla]2175__2.wav
-334.417358,109.358841,-67.038818,36.162395,-15.712586,-12.701592,-1.936379,0.851597,-8.751829,-10.131628,-7.478570,6.441484,15.817142,1861.087699,1500.010653,3212.919546,0.119464,0.024407,24.451469,violin,104__[vio][nod][cla]2158__1.wav
-338.601929,104.671333,-66.237366,37.040161,-13.212068,-14.652647,-8.761078,5.514987,-1.725126,-3.092930,-6.263492,-6.823576,-7.747001,2010.464461,1574.082463,3326.631423,0.149294,0.020863,24.527179,violin,104__[vio][nod][cla]2158__2.wav
-325.842834,124.616737,-50.865421,46.468380,-8.544683,-12.654173,-9.423249,-2.164958,-10.056806,-8.111469,-6.028123,-1.162658,-6.155571,1793.995565,1571.010308,3216.977727,0.134848,0.019308,24.547504,violin,104__[vio][nod][cla]2158__3.wav
-256.608032,98.948318,-17.642603,31.723482,1.630141,3.334287,-21.005304,-9.176717,-4.780218,-2.580071,-13.060344,-9.985853,-15.280170,1920.209563,2125.726834,3926.248310,0.087466,0.030402,25.128221,violin,105__[vio][nod][cla]2170__1.wav
-273.748383,99.325783,-15.556744,28.313923,-5.214897,4.304155,-21.760584,-16.678385,-8.468661,-0.501947,-11.631233,-10.578518,-16.318352,1893.171740,2132.954232,3940.824632,0.084390,0.025534,25.511703,violin,105__[vio][nod][cla]2170__3.wav
-185.620819,96.106987,-60.718140,41.848949,-15.662092,6.858708,-8.343895,-4.799737,-19.017502,-13.190225,-14.960659,-7.542374,-4.974984,2147.240253,1782.639012,3860.903320,0.140787,0.059883,26.710459,violin,108__[vio][nod][cou_fol]2193__1.wav
-167.905716,91.005722,-70.392227,36.437523,-15.393923,16.226297,-5.031893,-5.034370,-17.218674,-11.437915,-14.962161,-5.956282,-4.528795,2270.136013,1780.468451,4022.567984,0.161899,0.061461,26.995999,violin,108__[vio][nod][cou_fol]2193__2.wav
-178.175125,94.967682,-69.926582,36.037045,-14.229389,18.884579,-2.361557,-3.774744,-11.651388,-5.848849,-14.069553,-3.120441,-1.119309,2233.866400,1770.409380,3953.578914,0.166110,0.056288,27.442073,violin,108__[vio][nod][cou_fol]2193__3.wav
-296.230377,92.074455,-2.388450,23.329651,-9.035402,-6.570480,-15.374999,-7.410184,-9.368048,-0.438291,-11.130435,-10.231288,-16.883839,2184.293765,2362.331507,4583.507925,0.119092,0.017604,26.006263,violin,110__[vio][nod][cla]2210__1.wav
-304.249084,105.010910,-5.649149,20.208002,-12.904057,-11.155337,-13.675202,-9.185348,-12.486799,-1.741221,-11.574893,-7.301388,-10.737588,1948.659540,2176.066710,3916.475548,0.104421,0.019225,26.153695,violin,110__[vio][nod][cla]2210__2.wav
-297.924469,96.718689,-4.580043,23.892096,-10.943450,-10.779024,-13.626781,-11.662346,-18.242378,1.094915,-5.868568,-6.642138,-17.740021,2102.164229,2271.100374,4194.419509,0.121883,0.018321,25.294142,violin,110__[vio][nod][cla]2210__3.wav
-391.100128,121.408646,14.231570,17.152466,-22.348446,-5.420186,-16.396078,-17.951862,-9.048403,8.633572,-12.251595,-25.019930,2.508913,1952.666793,2148.547343,4002.939641,0.141369,0.015562,28.056516,violin,114__[vio][nod][cla]2184__1.wav
-425.553925,108.693161,-41.829651,10.195789,-9.087564,11.963898,-4.989036,-5.471139,-14.375732,-11.317032,2.885794,12.267460,2.457633,2029.907698,1938.118703,4000.289401,0.148141,0.008376,28.086827,violin,114__[vio][nod][cla]2184__2.wav
-325.018402,138.401077,-27.188368,19.647127,-12.350196,-0.067310,-10.020494,-2.147115,-4.816679,-1.386308,-2.883879,3.630887,8.287622,1534.413801,1639.580159,2887.768179,0.087230,0.020225,25.263211,violin,114__[vio][nod][cla]2184__3.wav
-195.731155,95.799789,-37.208900,17.622623,-19.704884,-9.551563,-18.788900,-3.568840,-6.689281,-17.631704,-13.534009,-5.979868,-0.312554,1922.028716,1908.694343,3682.012094,0.101146,0.076998,25.687463,violin,115__[vio][nod][cla]2150__1.wav
-190.509674,105.092842,-33.257271,19.653717,-20.607801,-9.683377,-17.706377,-2.939921,-2.821200,-16.823692,-15.771569,-5.850779,-3.337111,1896.746070,1889.126123,3702.634277,0.098362,0.077528,25.231340,violin,115__[vio][nod][cla]2150__2.wav
-231.352554,70.130432,-29.284199,21.812462,-17.856609,-0.252702,-11.195827,3.180161,1.308366,-4.950501,-17.616529,-5.659308,-3.460697,2302.327879,2131.340023,4460.685847,0.126750,0.054008,27.720424,violin,115__[vio][nod][cla]2150__3.wav
-373.909668,151.869629,-23.312778,20.335262,-5.840527,-6.105482,-5.631374,-10.023238,-14.516329,-15.365161,-18.145597,-1.713558,-1.144325,1377.301241,1646.991674,2730.575796,0.081073,0.015795,27.569032,violin,116__[vio][nod][cla]2164__1.wav
-222.657593,136.935226,-31.059032,17.303406,0.207872,-3.243217,-7.453968,-9.772126,-9.784017,-2.431883,-13.160915,-10.534490,-17.929720,1714.092633,1889.211653,3326.714243,0.113965,0.052934,27.481665,violin,116__[vio][nod][cla]2164__2.wav
-221.906967,132.417389,-31.271198,27.234739,-6.485568,-6.644621,-4.782407,-3.094278,-5.400571,-1.992620,-1.133567,3.381116,-5.275289,1644.231412,1707.918093,3005.455416,0.106096,0.048075,25.869309,violin,116__[vio][nod][cla]2164__3.wav
-362.875275,141.186661,-10.065974,28.215328,1.575642,2.703375,5.415056,13.477669,2.483363,-7.229963,-16.028214,4.725397,6.678414,1369.892159,1605.439921,2544.727689,0.067976,0.020935,24.469710,violin,120__[vio][nod][cla]2181__1.wav
-377.130219,97.927284,9.318563,36.299091,-0.244884,-2.867226,-0.604569,12.735665,15.735656,25.597198,-1.079350,-19.946783,-21.445908,1879.778127,1871.372300,3500.884728,0.111666,0.030089,28.822583,violin,121__[vio][nod][cla]2161__2.wav
-313.092560,85.358665,-11.954262,32.110550,1.462153,-0.995621,-1.831154,5.352934,-10.697209,-9.087148,-20.185284,9.555837,17.826210,2214.263775,1978.765200,4040.457106,0.134461,0.040221,28.360442,violin,121__[vio][nod][cla]2161__3.wav
-324.259918,169.063461,9.639491,44.832317,-4.600247,0.134560,-8.930997,-9.055048,-9.470137,6.813713,-5.225463,10.159242,5.595521,1095.381632,1511.311414,2258.253268,0.061445,0.027528,25.119835,violin,122__[vio][nod][cla]2176__1.wav
-470.088898,66.164124,-10.490433,35.152630,-4.791369,7.258444,2.076248,10.465291,0.719452,-0.952710,-10.524712,5.328315,14.643642,2310.228590,2173.729757,4522.469576,0.107106,0.012401,27.169874,violin,122__[vio][nod][cla]2176__3.wav
-278.305267,117.827286,-26.935116,25.565977,-6.836767,-6.675562,-15.887835,-6.120683,-6.956748,2.894070,-3.677306,-3.715338,-11.319291,1718.320745,1820.957103,3265.924354,0.097179,0.032479,27.649622,violin,123__[vio][nod][cla]2167__1.wav
-317.243561,153.908218,-22.923479,40.442978,3.844078,2.751022,-1.617848,-0.595750,-1.520281,-1.307056,-8.365828,0.327024,-6.223140,1184.343725,1455.729567,2351.425781,0.061925,0.031338,26.545962,violin,123__[vio][nod][cla]2167__2.wav
-429.412048,44.993752,-32.884617,13.078649,-19.203804,-2.011812,5.375019,19.802856,-8.088443,-14.685288,3.803276,36.147457,24.267199,2672.257220,2102.180640,4839.753042,0.178658,0.013273,27.175465,violin,123__[vio][nod][cla]2167__3.wav
-441.041290,93.984589,-14.405424,48.649040,5.724878,11.715553,-1.019108,10.824010,6.917215,-0.976476,2.623719,6.781202,5.734020,1616.200468,1928.839887,3306.671800,0.088755,0.008690,27.625060,violin,125__[vio][nod][cla]2151__1.wav
-278.358398,136.222214,-5.227651,36.548634,-1.400381,2.005023,-11.297956,-1.261923,-3.788289,-1.914235,-2.739835,1.495057,-8.047532,1400.600683,1799.828017,2887.271259,0.065208,0.035784,25.907144,violin,125__[vio][nod][cla]2151__2.wav
-437.694031,125.415710,-23.899704,37.461952,0.288316,3.560160,-1.286576,3.979312,1.409317,3.046131,-5.470879,8.597106,8.924436,1217.167694,1539.790544,2412.712590,0.061918,0.012708,27.374244,violin,126__[vio][nod][cla]2185__1.wav
-429.101227,170.901108,-25.336945,44.674767,0.441267,3.772155,-0.135898,2.334722,2.416160,-0.176814,-5.511955,5.813390,1.525583,957.037724,1305.918708,1965.401705,0.044896,0.011255,24.881956,violin,126__[vio][nod][cla]2185__2.wav
-445.802155,165.487534,-22.270035,43.649376,5.805971,5.669974,2.873958,4.667087,2.608473,5.680927,-1.781603,5.261941,-3.014170,961.978543,1338.712543,1992.980769,0.046004,0.010341,25.480120,violin,126__[vio][nod][cla]2185__3.wav
-193.684555,127.376816,-32.659489,59.516750,3.769480,14.525111,-2.101027,-13.165563,-12.124567,-4.344005,-0.016647,11.552588,-0.145058,1505.548099,1574.309120,3088.855168,0.097472,0.107852,29.595570,violin,128__[vio][nod][cou_fol]2197__1.wav
-194.065170,125.474503,-50.190704,40.237869,-8.717142,5.257720,-12.900723,-20.367346,-13.699833,-12.280225,-11.817021,-3.355399,-9.033934,1521.590003,1545.404942,2880.645658,0.084446,0.088227,27.392195,violin,128__[vio][nod][cou_fol]2197__2.wav
-181.798950,109.433533,-55.414860,35.940819,-16.808590,1.673428,-13.058968,-20.821779,-16.596386,-11.785049,-10.158442,0.949369,-3.079189,1692.953262,1607.093039,3255.489032,0.089213,0.111485,27.412435,violin,128__[vio][nod][cou_fol]2197__3.wav
-351.745789,131.302673,-27.936432,69.676140,-2.416003,-2.829018,-3.320244,-1.599531,-4.884831,-5.091437,3.262758,0.998058,-0.591515,1771.334344,1591.243421,3300.046199,0.144967,0.022552,26.086267,violin,130__[vio][nod][cla]2154__1.wav
-405.909424,117.296440,-35.131069,56.954342,2.556291,-7.609251,-0.264436,1.520322,0.108226,3.038451,-1.690068,2.210818,3.935864,1672.234454,1767.499928,3289.859337,0.084706,0.008376,23.622980,violin,130__[vio][nod][cla]2154__3.wav
-241.766434,143.665421,-37.153309,36.070087,-7.218134,-1.929260,-11.563344,-6.982105,-3.511638,-7.527658,-13.292950,-6.693121,-10.287583,1418.302040,1525.650941,2682.788649,0.076251,0.052471,26.370317,violin,133__[vio][nod][cla]2168__1.wav
-281.621765,131.358215,-30.817329,31.582569,-12.283877,-9.931329,-18.148140,-11.124147,-10.697519,-2.507672,-8.460994,-2.680420,-13.110378,1532.924251,1631.925253,2938.785306,0.081911,0.038798,27.913208,violin,133__[vio][nod][cla]2168__3.wav
-346.309662,138.256760,-32.118347,63.893600,-10.978388,-7.503591,-4.985026,1.557087,-2.090492,1.018851,-3.255873,-16.664366,-17.792372,1619.585343,1468.380997,3053.987943,0.134743,0.028423,25.704486,violin,134__[vio][nod][cla]2156__1.wav
-382.852173,125.986954,-52.778088,46.765480,9.568658,11.854583,15.233891,14.004586,-6.290880,-16.109436,-7.453162,6.539950,6.603547,1752.542914,1520.990848,3096.308969,0.151164,0.013855,25.118647,violin,134__[vio][nod][cla]2156__2.wav
-305.799774,152.604538,-60.229794,53.921391,-3.472229,-2.584378,3.302060,5.368784,-4.357853,-2.598113,-1.379953,-5.996537,-0.563471,1586.048428,1418.643349,2955.929049,0.117326,0.029117,24.007199,violin,134__[vio][nod][cla]2156__3.wav
-128.979919,45.334797,-51.532497,1.000637,-9.921459,-0.314481,-17.819881,3.250218,-5.653795,-6.634904,-10.003152,-4.395521,-8.220958,3027.263939,2264.694588,5491.215257,0.197998,0.103139,24.417606,violin,135__[vio][nod][cou_fol]2199__1.wav
-120.217896,47.122852,-52.644043,0.275718,-11.387602,-4.094092,-21.137064,-4.515638,-12.494286,-7.470717,-5.464788,3.730358,-4.525236,2894.079468,2278.444177,5343.629995,0.180942,0.111551,24.646132,violin,135__[vio][nod][cou_fol]2199__2.wav
-122.484512,44.504604,-52.897804,3.963432,-11.491380,-1.807912,-21.944475,-3.307543,-14.354057,-10.791091,-3.459519,1.990180,-1.295731,2989.516009,2263.085757,5477.715595,0.195316,0.098966,24.143249,violin,135__[vio][nod][cou_fol]2199__3.wav
-133.296783,164.933929,-107.701324,66.750031,-4.088526,1.284460,1.972960,-13.484406,-5.029663,-9.131943,-4.663266,3.144307,-13.603659,1831.359596,1262.552155,3045.871582,0.170579,0.138873,26.125256,violin,137__[vio][nod][cou_fol]2190__1.wav
-134.374130,162.976028,-102.683662,67.335442,-4.659720,-4.953385,-2.613891,-8.126290,-7.946588,-10.449930,-5.425847,1.009854,-10.656675,1830.591927,1260.353558,2992.618314,0.178208,0.146905,26.033335,violin,137__[vio][nod][cou_fol]2190__2.wav
-131.854874,167.184204,-105.648918,69.133560,-5.941044,-2.954697,-0.930250,-11.172033,-7.820495,-13.776913,-11.183658,-4.194174,-10.944764,1783.362504,1257.256096,3042.641602,0.160581,0.149144,26.571795,violin,137__[vio][nod][cou_fol]2190__3.wav
-391.743805,96.833862,-38.565498,23.039837,-4.821224,-7.292533,-25.094479,-14.029864,-6.755849,-1.927109,-7.419614,-1.062111,-8.118324,1752.738044,1840.222146,3267.166654,0.084153,0.014043,26.273257,violin,140__[vio][nod][cla]2169__1.wav
-375.715179,64.253456,-40.229408,16.216953,-12.381750,-5.783496,-17.994566,-3.392411,-0.778856,-0.882487,-7.256680,0.679950,-2.731941,2504.882087,2070.343165,4471.203989,0.170189,0.014569,28.119559,violin,140__[vio][nod][cla]2169__2.wav
-354.972382,70.838089,-36.178238,13.758030,-9.146466,-15.411027,-27.910566,-19.402081,-6.381752,-2.401333,-4.542080,9.438180,6.897267,2031.647144,1963.520165,3779.242788,0.106434,0.027281,28.791249,violin,140__[vio][nod][cla]2169__3.wav
-305.673553,71.311417,-20.827780,33.179447,-13.297560,6.941236,-2.349429,6.810215,11.129402,17.953989,-11.633471,-17.761230,-11.995302,2679.862394,2093.059710,4762.730431,0.184983,0.030011,26.788296,violin,143__[vio][nod][cla]2147__1.wav
-388.747833,57.670849,-41.960209,17.111305,-28.187914,-18.070320,-11.380799,0.693218,-13.877283,-13.915301,-18.189976,6.608674,11.130820,2308.656931,1965.467251,3967.078576,0.126239,0.020146,28.911452,violin,148__[vio][nod][cla]2177__3.wav
-338.957031,103.760956,-52.540340,9.326645,-21.470533,-7.687609,-23.123877,-13.383469,-2.303486,-9.739415,-6.036512,12.101525,5.004582,1808.075918,1788.305271,3311.061261,0.098347,0.015017,26.588608,violin,153__[vio][nod][cla]2152__1.wav
-187.837296,78.360725,-48.569557,8.259125,-28.824253,-10.880593,-29.776941,-10.989713,-6.679604,-9.997600,-8.400340,6.355012,2.045770,2223.639779,2042.597817,4347.553711,0.116504,0.060553,25.485497,violin,153__[vio][nod][cla]2152__3.wav
-316.104187,78.484009,-23.216764,17.027901,-7.268859,-9.543715,-23.843618,-10.425924,-4.023617,-6.372520,-0.404084,10.755439,-9.623864,2286.905136,2253.601032,4572.906964,0.133455,0.017713,26.913244,violin,155__[vio][nod][cla]2171__1.wav
-330.155457,67.253365,-23.050879,29.123951,-11.911817,0.202744,-13.768382,-6.529287,-21.828632,-7.943144,-7.459639,13.975330,23.904545,2034.211251,2006.152122,3831.999136,0.090155,0.037585,27.041796,violin,171__[vio][nod][cou_fol]2195__1.wav
-307.638824,77.463104,-29.785145,36.821136,-5.985758,1.122842,-20.166943,-1.436470,-19.051712,-11.932343,-21.874916,-3.837696,-0.308261,1853.510915,1901.313297,3476.784105,0.079928,0.041831,27.983139,violin,171__[vio][nod][cou_fol]2195__2.wav
-358.202301,93.933952,-15.449102,37.580868,-7.402830,-6.012242,-7.149501,2.644103,-16.426683,-13.724940,-15.103318,-0.647681,-1.706323,1626.427602,1907.203333,3160.577299,0.049181,0.029206,27.025981,violin,171__[vio][nod][cou_fol]2195__3.wav
-226.325211,101.353043,-6.522982,47.262383,16.136820,6.071023,22.278503,-4.121947,-7.310223,13.287989,7.990883,13.398704,1.877976,1643.982292,2025.221653,3491.608887,0.058797,0.089746,29.211294,violin,178__[vio][nod][cou_fol]2196__1.wav
-204.682877,123.662773,-15.126471,37.696468,21.753132,8.485993,19.795507,-4.236460,-4.923658,9.466784,-5.378382,6.476716,-3.334276,1305.799486,1830.588920,2834.597731,0.038758,0.127781,28.364060,violin,178__[vio][nod][cou_fol]2196__3.wav
